file,bytes,lines,time_us,has_error
/home/user/cpython/Lib/subprocess.py,89426,2229,3745,false
/home/user/cpython/Lib/fileinput.py,15717,442,598,false
/home/user/cpython/Lib/wsgiref/types.py,1717,54,90,false
/home/user/cpython/Lib/wsgiref/headers.py,6761,184,296,false
/home/user/cpython/Lib/wsgiref/handlers.py,21757,574,759,false
/home/user/cpython/Lib/wsgiref/__init__.py,657,25,2,false
/home/user/cpython/Lib/wsgiref/simple_server.py,5052,161,269,false
/home/user/cpython/Lib/wsgiref/validate.py,15036,438,931,false
/home/user/cpython/Lib/wsgiref/util.py,5489,159,271,false
/home/user/cpython/Lib/operator.py,11158,475,564,false
/home/user/cpython/Lib/_pylong.py,28356,729,883,false
/home/user/cpython/Lib/genericpath.py,6507,211,258,false
/home/user/cpython/Lib/keyword.py,1073,64,49,false
/home/user/cpython/Lib/contextvars.py,198,8,11,false
/home/user/cpython/Lib/platform.py,46731,1447,1828,false
/home/user/cpython/Lib/random.py,37260,1079,1529,false
/home/user/cpython/Lib/_pydecimal.py,229278,6401,8051,false
/home/user/cpython/Lib/uuid.py,38195,1008,1565,false
/home/user/cpython/Lib/dis.py,45533,1157,2669,false
/home/user/cpython/Lib/test/libregrtest/runtests.py,7327,225,404,false
/home/user/cpython/Lib/test/libregrtest/pgo.py,1384,55,47,false
/home/user/cpython/Lib/test/libregrtest/result.py,8293,243,424,false
/home/user/cpython/Lib/test/libregrtest/parallel_case.py,2778,78,179,false
/home/user/cpython/Lib/test/libregrtest/setup.py,5468,141,248,false
/home/user/cpython/Lib/test/libregrtest/tsan.py,1278,49,43,false
/home/user/cpython/Lib/test/libregrtest/single.py,12227,360,721,false
/home/user/cpython/Lib/test/libregrtest/run_workers.py,23000,627,1124,false
/home/user/cpython/Lib/test/libregrtest/worker.py,4132,131,234,false
/home/user/cpython/Lib/test/libregrtest/testresult.py,6351,193,503,false
/home/user/cpython/Lib/test/libregrtest/__init__.py,0,0,0,false
/home/user/cpython/Lib/test/libregrtest/results.py,10857,309,836,false
/home/user/cpython/Lib/test/libregrtest/main.py,29098,787,1457,false
/home/user/cpython/Lib/test/libregrtest/findtests.py,3769,112,247,false
/home/user/cpython/Lib/test/libregrtest/utils.py,22867,726,1289,false
/home/user/cpython/Lib/test/libregrtest/cmdline.py,25899,585,1018,false
/home/user/cpython/Lib/test/libregrtest/save_env.py,13054,331,573,false
/home/user/cpython/Lib/test/libregrtest/win_utils.py,4671,128,153,false
/home/user/cpython/Lib/test/libregrtest/filter.py,2453,77,143,false
/home/user/cpython/Lib/test/libregrtest/logger.py,2829,89,162,false
/home/user/cpython/Lib/test/libregrtest/refleak.py,10257,293,627,false
/home/user/cpython/Lib/test/test_pydoc/pydoc_mod.py,1000,51,52,false
/home/user/cpython/Lib/test/test_pydoc/test_pydoc.py,90157,2316,5203,false
/home/user/cpython/Lib/test/test_pydoc/module_none.py,118,8,8,false
/home/user/cpython/Lib/test/test_pydoc/pydocfodder.py,5422,191,217,false
/home/user/cpython/Lib/test/test_pydoc/__init__.py,132,6,12,false
/home/user/cpython/Lib/test/test_strftime.py,8021,215,802,false
/home/user/cpython/Lib/test/test_mimetypes.py,22418,511,1896,false
/home/user/cpython/Lib/test/test_repl.py,13802,405,724,false
/home/user/cpython/Lib/test/test_threadedtempfile.py,2080,68,114,false
/home/user/cpython/Lib/test/test_tracemalloc.py,42464,1148,3989,false
/home/user/cpython/Lib/test/memory_watchdog.py,711,21,44,false
/home/user/cpython/Lib/test/test_userstring.py,2535,71,144,false
/home/user/cpython/Lib/test/test_wave.py,8156,210,326,false
/home/user/cpython/Lib/test/test_asyncio/test_server.py,11485,352,744,false
/home/user/cpython/Lib/test/test_asyncio/test_windows_events.py,12549,363,711,false
/home/user/cpython/Lib/test/test_asyncio/test_taskgroups.py,32476,1118,2052,false
/home/user/cpython/Lib/test/test_asyncio/test_futures.py,39516,1190,2977,false
/home/user/cpython/Lib/test/test_asyncio/test_futures2.py,2840,95,211,false
/home/user/cpython/Lib/test/test_asyncio/test_context.py,1077,38,144,false
/home/user/cpython/Lib/test/test_asyncio/test_transports.py,3824,103,299,false
/home/user/cpython/Lib/test/test_asyncio/test_threads.py,1669,66,107,false
/home/user/cpython/Lib/test/test_asyncio/test_locks.py,55011,1825,4501,false
/home/user/cpython/Lib/test/test_asyncio/test_ssl.py,60706,1903,3880,false
/home/user/cpython/Lib/test/test_asyncio/test_tools.py,64462,1706,4950,false
/home/user/cpython/Lib/test/test_asyncio/test_free_threading.py,7778,227,492,false
/home/user/cpython/Lib/test/test_asyncio/test_protocols.py,2278,67,243,false
/home/user/cpython/Lib/test/test_asyncio/test_runners.py,15795,527,958,false
/home/user/cpython/Lib/test/test_asyncio/test_subprocess.py,34149,933,1916,false
/home/user/cpython/Lib/test/test_asyncio/echo3.py,276,11,31,false
/home/user/cpython/Lib/test/test_asyncio/echo2.py,123,6,16,false
/home/user/cpython/Lib/test/test_asyncio/echo.py,148,8,13,false
/home/user/cpython/Lib/test/test_asyncio/test_waitfor.py,10828,353,593,false
/home/user/cpython/Lib/test/test_asyncio/functional.py,7434,268,412,false
/home/user/cpython/Lib/test/test_asyncio/__main__.py,58,4,5,false
/home/user/cpython/Lib/test/test_asyncio/test_sock_lowlevel.py,25217,679,1637,false
/home/user/cpython/Lib/test/test_asyncio/test_tasks.py,123901,3729,9776,false
/home/user/cpython/Lib/test/test_asyncio/test_eager_task_factory.py,16903,545,1012,false
/home/user/cpython/Lib/test/test_asyncio/test_queues.py,21056,725,1437,false
/home/user/cpython/Lib/test/test_asyncio/__init__.py,353,12,20,false
/home/user/cpython/Lib/test/test_asyncio/test_sendfile.py,21461,585,1628,false
/home/user/cpython/Lib/test/test_asyncio/test_streams.py,45979,1220,3643,false
/home/user/cpython/Lib/test/test_asyncio/test_windows_utils.py,4234,133,467,false
/home/user/cpython/Lib/test/test_asyncio/test_selector_events.py,60105,1660,5242,false
/home/user/cpython/Lib/test/test_asyncio/test_events.py,117486,3176,8391,false
/home/user/cpython/Lib/test/test_asyncio/test_timeouts.py,15275,411,983,false
/home/user/cpython/Lib/test/test_asyncio/test_sslproto.py,29166,843,1881,false
/home/user/cpython/Lib/test/test_asyncio/utils.py,17700,609,924,false
/home/user/cpython/Lib/test/test_asyncio/test_base_events.py,88870,2383,6519,false
/home/user/cpython/Lib/test/test_asyncio/test_staggered.py,4400,151,383,false
/home/user/cpython/Lib/test/test_asyncio/test_buffered_proto.py,2345,89,149,false
/home/user/cpython/Lib/test/test_asyncio/test_pep492.py,5572,212,382,false
/home/user/cpython/Lib/test/test_asyncio/test_graph.py,12806,445,1031,false
/home/user/cpython/Lib/test/test_asyncio/test_proactor_events.py,39623,1094,2922,false
/home/user/cpython/Lib/test/test_asyncio/test_unix_events.py,48318,1337,3524,false
/home/user/cpython/Lib/test/test_dbm_dumb.py,14637,388,1457,false
/home/user/cpython/Lib/test/test_zstd.py,99741,2801,9601,false
/home/user/cpython/Lib/test/test_except_star.py,40697,1220,3340,false
/home/user/cpython/Lib/test/test_ntpath.py,83219,1679,7810,false
/home/user/cpython/Lib/test/test_traceback.py,201667,5180,12341,false
/home/user/cpython/Lib/test/test_cmath.py,23009,593,3072,false
/home/user/cpython/Lib/test/test_genericalias.py,22357,594,3296,false
/home/user/cpython/Lib/test/test_strptime.py,43982,904,3309,false
/home/user/cpython/Lib/test/test_abstract_numbers.py,5872,200,727,false
/home/user/cpython/Lib/test/test_devpoll.py,4549,142,393,false
/home/user/cpython/Lib/test/test_patma.py,97098,3559,10026,false
/home/user/cpython/Lib/test/test_resource.py,12303,258,912,false
/home/user/cpython/Lib/test/archiver_tests.py,7227,177,694,false
/home/user/cpython/Lib/test/test_unittest/test_assertions.py,17267,417,1082,false
/home/user/cpython/Lib/test/test_unittest/test_loader.py,59095,1504,2965,false
/home/user/cpython/Lib/test/test_unittest/test_util.py,1568,33,368,false
/home/user/cpython/Lib/test/test_unittest/test_async_case.py,17456,507,1301,false
/home/user/cpython/Lib/test/test_unittest/test_result.py,55684,1406,3782,false
/home/user/cpython/Lib/test/test_unittest/namespace_test_pkg/test_foo.py,110,5,7,false
/home/user/cpython/Lib/test/test_unittest/namespace_test_pkg/bar/test_bar.py,110,5,6,false
/home/user/cpython/Lib/test/test_unittest/namespace_test_pkg/bar/__init__.py,0,0,0,false
/home/user/cpython/Lib/test/test_unittest/namespace_test_pkg/noop/no2/test_no2.py,110,5,6,false
/home/user/cpython/Lib/test/test_unittest/namespace_test_pkg/noop/no2/__init__.py,0,0,0,false
/home/user/cpython/Lib/test/test_unittest/namespace_test_pkg/noop/test_noop.py,110,5,7,false
/home/user/cpython/Lib/test/test_unittest/test_case.py,96573,2345,6891,false
/home/user/cpython/Lib/test/test_unittest/test_discovery.py,35875,924,2459,false
/home/user/cpython/Lib/test/test_unittest/__main__.py,58,4,5,false
/home/user/cpython/Lib/test/test_unittest/testmock/testmagicmethods.py,17697,548,1969,false
/home/user/cpython/Lib/test/test_unittest/testmock/testhelpers.py,38217,1267,4637,false
/home/user/cpython/Lib/test/test_unittest/testmock/testasync.py,39275,1119,3330,false
/home/user/cpython/Lib/test/test_unittest/testmock/testthreadingmock.py,7305,201,458,false
/home/user/cpython/Lib/test/test_unittest/testmock/__main__.py,628,18,38,false
/home/user/cpython/Lib/test/test_unittest/testmock/testsentinel.py,1325,41,142,false
/home/user/cpython/Lib/test/test_unittest/testmock/__init__.py,148,6,11,false
/home/user/cpython/Lib/test/test_unittest/testmock/testsealable.py,7405,237,532,false
/home/user/cpython/Lib/test/test_unittest/testmock/support.py,466,27,31,false
/home/user/cpython/Lib/test/test_unittest/testmock/testcallable.py,4232,150,445,false
/home/user/cpython/Lib/test/test_unittest/testmock/testmock.py,82861,2430,7231,false
/home/user/cpython/Lib/test/test_unittest/testmock/testpatch.py,65244,2105,5217,false
/home/user/cpython/Lib/test/test_unittest/testmock/testwith.py,12282,347,873,false
/home/user/cpython/Lib/test/test_unittest/test_skipping.py,20180,533,1662,false
/home/user/cpython/Lib/test/test_unittest/test_program.py,18158,510,1204,false
/home/user/cpython/Lib/test/test_unittest/__init__.py,148,6,13,false
/home/user/cpython/Lib/test/test_unittest/_test_warnings.py,1949,62,102,false
/home/user/cpython/Lib/test/test_unittest/test_break.py,10993,309,701,false
/home/user/cpython/Lib/test/test_unittest/test_setups.py,16503,507,1341,false
/home/user/cpython/Lib/test/test_unittest/test_functiontestcase.py,5545,148,221,false
/home/user/cpython/Lib/test/test_unittest/support.py,4038,154,258,false
/home/user/cpython/Lib/test/test_unittest/test_runner.py,54441,1499,4095,false
/home/user/cpython/Lib/test/test_unittest/test_suite.py,15189,447,1146,false
/home/user/cpython/Lib/test/test_unittest/dummy.py,50,1,0,false
/home/user/cpython/Lib/test/test_userlist.py,2208,74,361,false
/home/user/cpython/Lib/test/test_difflib.py,25800,653,2563,false
/home/user/cpython/Lib/test/support/asyncore.py,20382,649,998,false
/home/user/cpython/Lib/test/support/warnings_helper.py,7127,219,365,false
/home/user/cpython/Lib/test/support/script_helper.py,12640,324,611,false
/home/user/cpython/Lib/test/support/socket_helper.py,13549,339,597,false
/home/user/cpython/Lib/test/support/bytecode_helper.py,5762,158,416,false
/home/user/cpython/Lib/test/support/i18n_helper.py,2031,63,147,false
/home/user/cpython/Lib/test/support/channels.py,8540,278,387,false
/home/user/cpython/Lib/test/support/smtpd.py,30810,874,1662,false
/home/user/cpython/Lib/test/support/threading_helper.py,8780,274,588,false
/home/user/cpython/Lib/test/support/venv.py,2650,81,302,false
/home/user/cpython/Lib/test/support/numbers.py,1539,80,89,false
/home/user/cpython/Lib/test/support/logging_helper.py,916,29,76,false
/home/user/cpython/Lib/test/support/strace_helper.py,7132,209,407,false
/home/user/cpython/Lib/test/support/__init__.py,104043,3185,4788,false
/home/user/cpython/Lib/test/support/ast_helper.py,1998,46,115,false
/home/user/cpython/Lib/test/support/import_helper.py,14719,442,635,false
/home/user/cpython/Lib/test/support/refleak_helper.py,165,8,4,false
/home/user/cpython/Lib/test/support/testcase.py,2368,65,128,false
/home/user/cpython/Lib/test/support/hashlib_helper.py,38720,1096,1647,false
/home/user/cpython/Lib/test/support/os_helper.py,25926,832,1149,false
/home/user/cpython/Lib/test/support/pty_helper.py,3052,80,144,false
/home/user/cpython/Lib/test/support/_hypothesis_stubs/_helpers.py,1298,43,79,false
/home/user/cpython/Lib/test/support/_hypothesis_stubs/strategies.py,1857,91,124,false
/home/user/cpython/Lib/test/support/_hypothesis_stubs/__init__.py,2764,117,182,false
/home/user/cpython/Lib/test/support/asynchat.py,11603,314,356,false
/home/user/cpython/Lib/test/support/hypothesis_helper.py,2092,53,96,false
/home/user/cpython/Lib/test/win_console_handler.py,1416,49,65,false
/home/user/cpython/Lib/test/test_tuple.py,20276,513,1986,false
/home/user/cpython/Lib/test/test_fnmatch.py,14481,370,1563,false
/home/user/cpython/Lib/test/test_warnings/data/package_helper.py,283,10,17,false
/home/user/cpython/Lib/test/test_warnings/data/import_warning.py,89,3,9,false
/home/user/cpython/Lib/test/test_warnings/data/stacklevel.py,590,17,36,false
/home/user/cpython/Lib/test/test_warnings/__main__.py,53,3,5,false
/home/user/cpython/Lib/test/test_warnings/__init__.py,84188,2124,5995,false
/home/user/cpython/Lib/test/test_docxmlrpc.py,9317,226,389,false
/home/user/cpython/Lib/test/fork_wait.py,2349,80,163,false
/home/user/cpython/Lib/test/test_genericclass.py,9796,297,922,false
/home/user/cpython/Lib/test/regrtest.py,1300,47,81,false
/home/user/cpython/Lib/test/test_csv.py,67138,1618,6321,false
/home/user/cpython/Lib/test/test_c_locale_coercion.py,21906,487,830,false
/home/user/cpython/Lib/test/test_sundry.py,1090,32,65,false
/home/user/cpython/Lib/test/test_tokenize.py,130474,3402,4795,false
/home/user/cpython/Lib/test/test_frame.py,23680,800,1810,false
/home/user/cpython/Lib/test/test_build_details.py,8749,237,638,false
/home/user/cpython/Lib/test/test_codecencodings_iso2022.py,3742,87,136,false
/home/user/cpython/Lib/test/test_types.py,95832,2620,11255,false
/home/user/cpython/Lib/test/test_email/test_asian_codecs.py,3140,81,187,false
/home/user/cpython/Lib/test/test_email/test_contentmanager.py,35100,836,2415,false
/home/user/cpython/Lib/test/test_email/test__encoded_words.py,7085,207,513,false
/home/user/cpython/Lib/test/test_email/test_parser.py,4333,110,228,false
/home/user/cpython/Lib/test/test_email/test_pickleable.py,2549,76,179,false
/home/user/cpython/Lib/test/test_email/torture_test.py,3527,127,151,false
/home/user/cpython/Lib/test/test_email/__main__.py,72,4,4,false
/home/user/cpython/Lib/test/test_email/__init__.py,6341,166,315,false
/home/user/cpython/Lib/test/test_email/test__header_value_parser.py,138587,3259,9310,false
/home/user/cpython/Lib/test/test_email/test_email.py,229536,5902,17024,false
/home/user/cpython/Lib/test/test_email/test_defect_handling.py,11956,337,638,false
/home/user/cpython/Lib/test/test_email/test_inversion.py,2293,78,164,false
/home/user/cpython/Lib/test/test_email/test_utils.py,7391,190,603,false
/home/user/cpython/Lib/test/test_email/test_message.py,39636,1092,2430,false
/home/user/cpython/Lib/test/test_email/test_generator.py,18529,477,1097,false
/home/user/cpython/Lib/test/test_email/test_policy.py,17422,429,1055,false
/home/user/cpython/Lib/test/test_email/test_headerregistry.py,65951,1816,4216,false
/home/user/cpython/Lib/test/test_iterlen.py,7266,228,528,false
/home/user/cpython/Lib/test/test_trace.py,22470,594,1690,false
/home/user/cpython/Lib/test/test_gc.py,55038,1620,2888,false
/home/user/cpython/Lib/test/test_pep646_syntax.py,7982,329,37,false
/home/user/cpython/Lib/test/test_with.py,30466,854,1726,false
/home/user/cpython/Lib/test/test_imaplib.py,44926,1121,2795,false
/home/user/cpython/Lib/test/test_string_literals.py,15579,356,1451,false
/home/user/cpython/Lib/test/test__colorize.py,6042,134,463,false
/home/user/cpython/Lib/test/ssltests.py,1035,37,74,false
/home/user/cpython/Lib/test/test_robotparser.py,15971,513,904,false
/home/user/cpython/Lib/test/test_mmap.py,46712,1231,3866,false
/home/user/cpython/Lib/test/test_perf_profiler.py,19761,575,1120,false
/home/user/cpython/Lib/test/test_bdb.py,45715,1242,2911,false
/home/user/cpython/Lib/test/test_posixpath.py,61242,1301,7084,false
/home/user/cpython/Lib/test/_test_venv_multiprocessing.py,796,40,58,false
/home/user/cpython/Lib/test/test_samply_profiler.py,7935,244,423,false
/home/user/cpython/Lib/test/test_slice.py,9687,299,1321,false
/home/user/cpython/Lib/test/test_import/data/package4/__init__.py,140,5,5,false
/home/user/cpython/Lib/test/test_import/data/package4/submodule.py,51,3,3,false
/home/user/cpython/Lib/test/test_import/data/package3/__init__.py,99,2,2,false
/home/user/cpython/Lib/test/test_import/data/package3/submodule.py,127,7,8,false
/home/user/cpython/Lib/test/test_import/data/unwritable/__init__.py,345,12,24,false
/home/user/cpython/Lib/test/test_import/data/unwritable/x.py,0,0,0,false
/home/user/cpython/Lib/test/test_import/data/double_const.py,1212,30,34,false
/home/user/cpython/Lib/test/test_import/data/package/__init__.py,43,2,3,false
/home/user/cpython/Lib/test/test_import/data/package/submodule.py,0,0,0,false
/home/user/cpython/Lib/test/test_import/data/package2/submodule2.py,0,0,0,false
/home/user/cpython/Lib/test/test_import/data/package2/submodule1.py,71,3,7,false
/home/user/cpython/Lib/test/test_import/data/circular_imports/rebinding.py,122,3,2,false
/home/user/cpython/Lib/test/test_import/data/circular_imports/subpkg/subpackage2.py,50,2,1,false
/home/user/cpython/Lib/test/test_import/data/circular_imports/subpkg/util.py,21,2,2,false
/home/user/cpython/Lib/test/test_import/data/circular_imports/rebinding2.py,66,3,6,false
/home/user/cpython/Lib/test/test_import/data/circular_imports/singlephase.py,405,13,10,false
/home/user/cpython/Lib/test/test_import/data/circular_imports/binding2.py,65,1,2,false
/home/user/cpython/Lib/test/test_import/data/circular_imports/subpackage.py,79,2,2,false
/home/user/cpython/Lib/test/test_import/data/circular_imports/import_cycle.py,82,3,3,false
/home/user/cpython/Lib/test/test_import/data/circular_imports/binding.py,67,1,2,false
/home/user/cpython/Lib/test/test_import/data/circular_imports/from_cycle2.py,33,2,3,false
/home/user/cpython/Lib/test/test_import/data/circular_imports/use.py,33,2,3,false
/home/user/cpython/Lib/test/test_import/data/circular_imports/basic2.py,20,1,1,false
/home/user/cpython/Lib/test/test_import/data/circular_imports/subpkg2/__init__.py,0,0,0,false
/home/user/cpython/Lib/test/test_import/data/circular_imports/subpkg2/parent/__init__.py,67,1,3,false
/home/user/cpython/Lib/test/test_import/data/circular_imports/subpkg2/parent/child.py,116,3,5,false
/home/user/cpython/Lib/test/test_import/data/circular_imports/from_cycle1.py,33,2,2,false
/home/user/cpython/Lib/test/test_import/data/circular_imports/source.py,27,2,1,false
/home/user/cpython/Lib/test/test_import/data/circular_imports/indirect.py,28,1,2,false
/home/user/cpython/Lib/test/test_import/data/circular_imports/basic.py,78,2,2,false
/home/user/cpython/Lib/test/test_import/data/circular_imports/util.py,21,2,1,false
/home/user/cpython/Lib/test/test_import/__main__.py,51,3,4,false
/home/user/cpython/Lib/test/test_import/__init__.py,129364,3379,6990,false
/home/user/cpython/Lib/test/test_ordered_dict.py,40898,1139,4805,false
/home/user/cpython/Lib/test/pyclbr_input.py,1669,85,117,false
/home/user/cpython/Lib/test/test_enumerate.py,9356,296,1748,false
/home/user/cpython/Lib/test/leakers/test_selftype.py,293,13,26,false
/home/user/cpython/Lib/test/leakers/__init__.py,0,0,0,false
/home/user/cpython/Lib/test/leakers/test_ctypes.py,334,15,27,false
/home/user/cpython/Lib/test/test_yield_from.py,52040,1600,3364,false
/home/user/cpython/Lib/test/mapping_tests.py,22514,671,2690,false
/home/user/cpython/Lib/test/test_compare.py,17878,510,1257,false
/home/user/cpython/Lib/test/test_unicodedata.py,18889,495,2238,false
/home/user/cpython/Lib/test/test_sys_settrace.py,88619,3141,7048,false
/home/user/cpython/Lib/test/test_urllib2.py,84920,2106,5936,false
/home/user/cpython/Lib/test/test_genericpath.py,24028,613,2461,false
/home/user/cpython/Lib/test/test_global.py,6606,214,344,false
/home/user/cpython/Lib/test/test_ast/snippets.py,55442,612,9373,false
/home/user/cpython/Lib/test/test_ast/test_ast.py,145452,3795,12988,false
/home/user/cpython/Lib/test/test_ast/__init__.py,133,7,13,false
/home/user/cpython/Lib/test/test_ast/utils.py,620,15,78,false
/home/user/cpython/Lib/test/test_glob.py,21557,487,3818,false
/home/user/cpython/Lib/test/test_perfmaps.py,1016,27,63,false
/home/user/cpython/Lib/test/test_json/test_fail.py,10109,240,553,false
/home/user/cpython/Lib/test/test_json/test_dump.py,2762,86,305,false
/home/user/cpython/Lib/test/test_json/test_unicode.py,4298,103,430,false
/home/user/cpython/Lib/test/test_json/test_pass3.py,545,24,27,false
/home/user/cpython/Lib/test/test_json/test_pass2.py,449,18,23,false
/home/user/cpython/Lib/test/test_json/test_enum.py,4034,120,930,false
/home/user/cpython/Lib/test/test_json/test_scanstring.py,4980,151,450,false
/home/user/cpython/Lib/test/test_json/test_pass1.py,1838,75,25,false
/home/user/cpython/Lib/test/test_json/test_separators.py,1319,50,105,false
/home/user/cpython/Lib/test/test_json/__main__.py,71,4,4,false
/home/user/cpython/Lib/test/test_json/test_tool.py,10599,327,725,false
/home/user/cpython/Lib/test/test_json/__init__.py,2524,68,173,false
/home/user/cpython/Lib/test/test_json/test_recursion.py,4076,117,233,false
/home/user/cpython/Lib/test/test_json/test_default.py,1315,41,100,false
/home/user/cpython/Lib/test/test_json/test_indent.py,1824,67,143,false
/home/user/cpython/Lib/test/test_json/test_decode.py,5368,135,530,false
/home/user/cpython/Lib/test/test_json/test_speedups.py,3328,82,245,false
/home/user/cpython/Lib/test/test_json/test_encode_basestring_ascii.py,2227,47,146,false
/home/user/cpython/Lib/test/test_json/test_float.py,1298,34,199,false
/home/user/cpython/Lib/test/test_os/test_windows.py,23021,605,1697,false
/home/user/cpython/Lib/test/test_os/test_os.py,192614,5060,15750,false
/home/user/cpython/Lib/test/test_os/__init__.py,148,6,18,false
/home/user/cpython/Lib/test/test_os/test_posix.py,104046,2531,11451,false
/home/user/cpython/Lib/test/test_os/utils.py,113,3,12,false
/home/user/cpython/Lib/test/test_cext/setup.py,4236,141,303,false
/home/user/cpython/Lib/test/test_cext/__init__.py,5246,138,332,false
/home/user/cpython/Lib/test/test_poplib.py,18433,571,1231,false
/home/user/cpython/Lib/test/test_exception_group.py,35947,977,3082,false
/home/user/cpython/Lib/test/test_multiprocessing_fork/test_manager.py,202,7,17,false
/home/user/cpython/Lib/test/test_multiprocessing_fork/test_misc.py,201,7,12,false
/home/user/cpython/Lib/test/test_multiprocessing_fork/test_threads.py,202,7,17,false
/home/user/cpython/Lib/test/test_multiprocessing_fork/test_processes.py,204,7,13,false
/home/user/cpython/Lib/test/test_multiprocessing_fork/__init__.py,542,19,26,false
/home/user/cpython/Lib/test/test_audit.py,11405,344,1050,false
/home/user/cpython/Lib/test/test_codecmaps_kr.py,1188,37,35,false
/home/user/cpython/Lib/test/test_tty.py,3717,94,492,false
/home/user/cpython/Lib/test/test_shelve.py,15637,450,1361,false
/home/user/cpython/Lib/test/test_extcall.py,15042,554,44,false
/home/user/cpython/Lib/test/test_bigaddrspace.py,2898,98,130,false
/home/user/cpython/Lib/test/test_hmac.py,59329,1581,2933,false
/home/user/cpython/Lib/test/string_tests.py,73464,1552,8292,false
/home/user/cpython/Lib/test/test_future_stmt/import_nested_scope_twice.py,229,11,12,false
/home/user/cpython/Lib/test/test_future_stmt/nested_scope.py,163,10,10,false
/home/user/cpython/Lib/test/test_future_stmt/test_future_multiple_features.py,510,21,35,false
/home/user/cpython/Lib/test/test_future_stmt/test_future.py,19463,528,1250,false
/home/user/cpython/Lib/test/test_future_stmt/test_future_multiple_imports.py,222,11,12,false
/home/user/cpython/Lib/test/test_future_stmt/__init__.py,132,6,8,false
/home/user/cpython/Lib/test/test_future_stmt/badsyntax_future.py,95,3,2,false
/home/user/cpython/Lib/test/test_future_stmt/test_future_flags.py,2421,61,235,false
/home/user/cpython/Lib/test/test_future_stmt/test_future_single_import.py,490,26,32,false
/home/user/cpython/Lib/test/test_generated_cases.py,66780,2472,1267,false
/home/user/cpython/Lib/test/signalinterproctester.py,3197,91,186,false
/home/user/cpython/Lib/test/test_listcomps.py,24117,761,1373,false
/home/user/cpython/Lib/test/test_setcomps.py,5363,199,118,false
/home/user/cpython/Lib/test/test_dictcomps.py,6698,170,672,false
/home/user/cpython/Lib/test/test_codecencodings_cn.py,3950,96,184,false
/home/user/cpython/Lib/test/test_thread.py,14691,455,842,false
/home/user/cpython/Lib/test/test_doctest/sample_doctest_errors.py,545,46,15,false
/home/user/cpython/Lib/test/test_doctest/test_doctest.py,126177,3849,749,false
/home/user/cpython/Lib/test/test_doctest/doctest_aliases.py,240,13,5,false
/home/user/cpython/Lib/test/test_doctest/decorator_mod.py,161,10,7,false
/home/user/cpython/Lib/test/test_doctest/sample_doctest_skip.py,714,49,12,false
/home/user/cpython/Lib/test/test_doctest/sample_doctest.py,1067,76,20,false
/home/user/cpython/Lib/test/test_doctest/test_doctest2.py,2415,126,83,false
/home/user/cpython/Lib/test/test_doctest/__init__.py,142,5,11,false
/home/user/cpython/Lib/test/test_doctest/sample_doctest_no_docstrings.py,227,12,3,false
/home/user/cpython/Lib/test/test_doctest/sample_doctest_no_doctests.py,269,15,4,false
/home/user/cpython/Lib/test/test_doctest/doctest_lineno.py,2034,107,40,false
/home/user/cpython/Lib/test/test_int_literal.py,7053,143,426,false
/home/user/cpython/Lib/test/relimport.py,27,1,1,false
/home/user/cpython/Lib/test/test_gzip.py,44693,1155,3632,false
/home/user/cpython/Lib/test/test_context.py,37491,1300,3951,false
/home/user/cpython/Lib/test/test_termios.py,14206,298,1509,false
/home/user/cpython/Lib/test/test_file_eintr.py,11023,255,339,false
/home/user/cpython/Lib/test/test_pstats.py,5721,159,379,false
/home/user/cpython/Lib/test/test_httplib.py,102014,2573,6608,false
/home/user/cpython/Lib/test/test_htmlparser.py,48615,1159,3533,false
/home/user/cpython/Lib/test/test_syslog.py,4817,147,255,false
/home/user/cpython/Lib/test/test_quopri.py,8057,213,410,false
/home/user/cpython/Lib/test/encoded_modules/__init__.py,1274,23,11,false
/home/user/cpython/Lib/test/test_dbm.py,10996,322,938,false
/home/user/cpython/Lib/test/test_dtrace.py,8170,260,460,false
/home/user/cpython/Lib/test/test_codecmaps_hk.py,386,15,10,false
/home/user/cpython/Lib/test/curses_tests.py,1242,46,109,false
/home/user/cpython/Lib/test/test_pickletools.py,18079,523,989,false
/home/user/cpython/Lib/test/seq_tests.py,15317,431,2420,false
/home/user/cpython/Lib/test/test_apple.py,4762,155,379,false
/home/user/cpython/Lib/test/bisect_cmd.py,5470,185,444,false
/home/user/cpython/Lib/test/test_type_comments.py,11265,436,909,false
/home/user/cpython/Lib/test/test_secrets.py,4381,124,489,false
/home/user/cpython/Lib/test/_test_gc_fast_cycles.py,1489,48,80,false
/home/user/cpython/Lib/test/test_peepholer.py,94612,2736,8932,false
/home/user/cpython/Lib/test/test_importlib/test_windows.py,8306,210,495,false
/home/user/cpython/Lib/test/test_importlib/test_api.py,20357,508,1224,false
/home/user/cpython/Lib/test/test_importlib/test_lazy.py,7966,229,385,false
/home/user/cpython/Lib/test/test_importlib/abc.py,2272,93,42,false
/home/user/cpython/Lib/test/test_importlib/namespace_pkgs/project1/parent/child/one.py,26,1,1,false
/home/user/cpython/Lib/test/test_importlib/namespace_pkgs/project2/parent/child/two.py,26,1,1,false
/home/user/cpython/Lib/test/test_importlib/namespace_pkgs/module_and_namespace_package/a_test.py,19,1,2,false
/home/user/cpython/Lib/test/test_importlib/namespace_pkgs/portion2/foo/two.py,26,1,1,false
/home/user/cpython/Lib/test/test_importlib/namespace_pkgs/project3/parent/child/three.py,28,1,2,false
/home/user/cpython/Lib/test/test_importlib/namespace_pkgs/both_portions/foo/one.py,31,1,1,false
/home/user/cpython/Lib/test/test_importlib/namespace_pkgs/both_portions/foo/two.py,31,1,1,false
/home/user/cpython/Lib/test/test_importlib/namespace_pkgs/portion1/foo/one.py,26,1,1,false
/home/user/cpython/Lib/test/test_importlib/namespace_pkgs/not_a_namespace_pkg/foo/one.py,26,1,1,false
/home/user/cpython/Lib/test/test_importlib/namespace_pkgs/not_a_namespace_pkg/foo/__init__.py,0,0,0,false
/home/user/cpython/Lib/test/test_importlib/import_/test_api.py,4864,145,231,false
/home/user/cpython/Lib/test/test_importlib/import_/test_packages.py,4581,110,236,false
/home/user/cpython/Lib/test/test_importlib/import_/test_helpers.py,6639,184,409,false
/home/user/cpython/Lib/test/test_importlib/import_/__main__.py,58,4,3,false
/home/user/cpython/Lib/test/test_importlib/import_/__init__.py,142,5,8,false
/home/user/cpython/Lib/test/test_importlib/import_/test_relative_imports.py,10022,248,600,false
/home/user/cpython/Lib/test/test_importlib/import_/test_fromlist.py,7464,175,410,false
/home/user/cpython/Lib/test/test_importlib/import_/test___loader__.py,760,34,50,false
/home/user/cpython/Lib/test/test_importlib/import_/test_path.py,10129,269,588,false
/home/user/cpython/Lib/test/test_importlib/import_/test_meta_path.py,4471,127,338,false
/home/user/cpython/Lib/test/test_importlib/import_/test_caching.py,3845,97,222,false
/home/user/cpython/Lib/test/test_importlib/import_/test___package__.py,5340,152,258,false
/home/user/cpython/Lib/test/test_importlib/test_spec.py,26897,698,2103,false
/home/user/cpython/Lib/test/test_importlib/test_locks.py,4813,161,361,false
/home/user/cpython/Lib/test/test_importlib/test_util.py,34686,822,1967,false
/home/user/cpython/Lib/test/test_importlib/metadata/stubs.py,233,10,9,false
/home/user/cpython/Lib/test/test_importlib/metadata/test_api.py,10770,315,594,false
/home/user/cpython/Lib/test/test_importlib/metadata/_context.py,282,13,4,false
/home/user/cpython/Lib/test/test_importlib/metadata/test_zip.py,1795,63,127,false
/home/user/cpython/Lib/test/test_importlib/metadata/data/sources/example2/example2/__init__.py,33,2,3,false
/home/user/cpython/Lib/test/test_importlib/metadata/data/sources/example/setup.py,250,11,20,false
/home/user/cpython/Lib/test/test_importlib/metadata/data/sources/example/example/__init__.py,33,2,2,false
/home/user/cpython/Lib/test/test_importlib/metadata/data/__init__.py,0,0,0,false
/home/user/cpython/Lib/test/test_importlib/metadata/fixtures.py,11723,393,389,false
/home/user/cpython/Lib/test/test_importlib/metadata/test_main.py,16344,490,852,false
/home/user/cpython/Lib/test/test_importlib/metadata/__init__.py,0,0,0,false
/home/user/cpython/Lib/test/test_importlib/metadata/_path.py,3139,117,177,false
/home/user/cpython/Lib/test/test_importlib/test_pkg_import.py,2753,80,205,false
/home/user/cpython/Lib/test/test_importlib/builtin/test_loader.py,3868,110,215,false
/home/user/cpython/Lib/test/test_importlib/builtin/__main__.py,58,4,4,false
/home/user/cpython/Lib/test/test_importlib/builtin/__init__.py,142,5,8,false
/home/user/cpython/Lib/test/test_importlib/builtin/test_finder.py,1245,46,58,false
/home/user/cpython/Lib/test/test_importlib/extension/test_loader.py,15242,392,814,false
/home/user/cpython/Lib/test/test_importlib/extension/test_path_hook.py,1030,33,46,false
/home/user/cpython/Lib/test/test_importlib/extension/__main__.py,58,4,3,false
/home/user/cpython/Lib/test/test_importlib/extension/test_case_sensitivity.py,1783,48,94,false
/home/user/cpython/Lib/test/test_importlib/extension/__init__.py,142,5,14,false
/home/user/cpython/Lib/test/test_importlib/extension/_test_nonmodule_cases.py,1464,44,103,false
/home/user/cpython/Lib/test/test_importlib/extension/test_finder.py,2054,69,117,false
/home/user/cpython/Lib/test/test_importlib/source/test_path_hook.py,818,32,63,false
/home/user/cpython/Lib/test/test_importlib/source/__main__.py,58,4,6,false
/home/user/cpython/Lib/test/test_importlib/source/test_case_sensitivity.py,3101,78,171,false
/home/user/cpython/Lib/test/test_importlib/source/__init__.py,142,5,9,false
/home/user/cpython/Lib/test/test_importlib/source/test_source_encoding.py,5348,175,300,false
/home/user/cpython/Lib/test/test_importlib/source/test_file_loader.py,32516,795,2239,false
/home/user/cpython/Lib/test/test_importlib/source/test_finder.py,8067,212,465,false
/home/user/cpython/Lib/test/test_importlib/__main__.py,58,4,4,false
/home/user/cpython/Lib/test/test_importlib/__init__.py,142,5,8,false
/home/user/cpython/Lib/test/test_importlib/resources/test_resource.py,7657,236,623,false
/home/user/cpython/Lib/test/test_importlib/resources/test_custom.py,1249,48,63,false
/home/user/cpython/Lib/test/test_importlib/resources/zip.py,573,24,36,false
/home/user/cpython/Lib/test/test_importlib/resources/test_compatibilty_files.py,3306,104,381,false
/home/user/cpython/Lib/test/test_importlib/resources/test_reader.py,4645,137,437,false
/home/user/cpython/Lib/test/test_importlib/resources/test_files.py,5426,183,232,false
/home/user/cpython/Lib/test/test_importlib/resources/test_functional.py,8623,249,578,false
/home/user/cpython/Lib/test/test_importlib/resources/__init__.py,0,0,0,false
/home/user/cpython/Lib/test/test_importlib/resources/test_path.py,1942,60,101,false
/home/user/cpython/Lib/test/test_importlib/resources/test_contents.py,829,38,38,false
/home/user/cpython/Lib/test/test_importlib/resources/util.py,6101,206,450,false
/home/user/cpython/Lib/test/test_importlib/resources/_path.py,2288,94,105,false
/home/user/cpython/Lib/test/test_importlib/resources/test_open.py,2673,84,153,false
/home/user/cpython/Lib/test/test_importlib/resources/test_read.py,3017,93,235,false
/home/user/cpython/Lib/test/test_importlib/test_abc.py,32228,943,1935,false
/home/user/cpython/Lib/test/test_importlib/test_namespace_pkgs.py,12621,390,793,false
/home/user/cpython/Lib/test/test_importlib/threaded_import_hangers.py,1484,45,50,false
/home/user/cpython/Lib/test/test_importlib/frozen/test_loader.py,6021,172,393,false
/home/user/cpython/Lib/test/test_importlib/frozen/__main__.py,58,4,3,false
/home/user/cpython/Lib/test/test_importlib/frozen/__init__.py,142,5,9,false
/home/user/cpython/Lib/test/test_importlib/frozen/test_finder.py,6515,183,431,false
/home/user/cpython/Lib/test/test_importlib/test_threaded_import.py,9947,275,534,false
/home/user/cpython/Lib/test/test_importlib/partial/pool_in_threads.py,459,27,36,false
/home/user/cpython/Lib/test/test_importlib/partial/cfimport.py,825,38,71,false
/home/user/cpython/Lib/test/test_importlib/util.py,13230,402,663,false
/home/user/cpython/Lib/test/audit_test_data/submodule2.py,0,0,0,false
/home/user/cpython/Lib/test/audit_test_data/__init__.py,0,0,0,false
/home/user/cpython/Lib/test/audit_test_data/submodule.py,0,0,0,false
/home/user/cpython/Lib/test/test_unpack.py,4961,222,59,false
/home/user/cpython/Lib/test/test_ssl.py,245801,5771,15322,false
/home/user/cpython/Lib/test/test_compileall.py,50724,1160,4465,false
/home/user/cpython/Lib/test/test_marshal.py,25582,701,2153,false
/home/user/cpython/Lib/test/test_pwd.py,4428,114,349,false
/home/user/cpython/Lib/test/tracedmodules/testmod.py,143,9,8,false
/home/user/cpython/Lib/test/tracedmodules/__init__.py,203,4,1,false
/home/user/cpython/Lib/test/test_strtod.py,20537,433,696,false
/home/user/cpython/Lib/test/test_fileutils.py,951,30,46,false
/home/user/cpython/Lib/test/test_wait3.py,1781,53,96,false
/home/user/cpython/Lib/test/test_tarfile.py,193076,4861,13219,false
/home/user/cpython/Lib/test/test_osx_env.py,1338,34,81,false
/home/user/cpython/Lib/test/test_xml_etree.py,178300,4673,16919,false
/home/user/cpython/Lib/test/test_tcl.py,31487,806,3809,false
/home/user/cpython/Lib/test/test_array.py,58562,1677,7901,false
/home/user/cpython/Lib/test/_test_eintr.py,18633,554,1241,false
/home/user/cpython/Lib/test/test_optparse.py,63384,1684,4757,false
/home/user/cpython/Lib/test/test_string/test_templatelib.py,7396,193,919,true
/home/user/cpython/Lib/test/test_string/_support.py,2387,66,165,false
/home/user/cpython/Lib/test/test_string/test_string.py,23492,558,2316,false
/home/user/cpython/Lib/test/test_string/__init__.py,142,5,9,false
/home/user/cpython/Lib/test/test_operator.py,29723,775,3995,false
/home/user/cpython/Lib/test/test_opcache.py,55649,1877,3363,false
/home/user/cpython/Lib/test/test_buffer.py,177794,4825,17926,false
/home/user/cpython/Lib/test/test_pty.py,16819,445,1023,false
/home/user/cpython/Lib/test/test_dbm_ndbm.py,6453,165,666,false
/home/user/cpython/Lib/test/test_frozen.py,2251,56,98,false
/home/user/cpython/Lib/test/test_subprocess.py,168706,3953,10029,false
/home/user/cpython/Lib/test/test_profile.py,9335,226,516,false
/home/user/cpython/Lib/test/test_super.py,18872,614,1374,false
/home/user/cpython/Lib/test/list_tests.py,17632,580,2518,false
/home/user/cpython/Lib/test/test_bool.py,14682,425,2209,false
/home/user/cpython/Lib/test/test_scope.py,22464,839,1163,false
/home/user/cpython/Lib/test/test_py_compile.py,12219,302,940,false
/home/user/cpython/Lib/test/test_pkgutil.py,24583,637,1765,false
/home/user/cpython/Lib/test/test_xml_dom_xmlbuilder.py,3172,88,186,false
/home/user/cpython/Lib/test/test_fileinput.py,38769,1007,2369,false
/home/user/cpython/Lib/test/test_index.py,8572,275,998,false
/home/user/cpython/Lib/test/test_configparser.py,91113,2266,8820,false
/home/user/cpython/Lib/test/test_zlib.py,46614,1236,3646,false
/home/user/cpython/Lib/test/test_hash.py,12404,359,873,false
/home/user/cpython/Lib/test/test_startfile.py,1736,45,75,false
/home/user/cpython/Lib/test/test_modulefinder.py,12503,438,469,false
/home/user/cpython/Lib/test/test_struct.py,40890,981,3435,false
/home/user/cpython/Lib/test/test_tabnanny.py,14611,369,746,false
/home/user/cpython/Lib/test/test_ucn.py,9945,245,735,false
/home/user/cpython/Lib/test/test_generators.py,76733,2842,2631,false
/home/user/cpython/Lib/test/crashers/trace_at_recursion_limit.py,376,27,20,false
/home/user/cpython/Lib/test/crashers/recursive_call.py,358,15,16,false
/home/user/cpython/Lib/test/crashers/infinite_loop_re.py,653,16,14,false
/home/user/cpython/Lib/test/crashers/bogus_code_obj.py,566,19,9,false
/home/user/cpython/Lib/test/crashers/mutation_inside_cyclegc.py,753,31,35,false
/home/user/cpython/Lib/test/crashers/underlying_dict.py,282,20,28,false
/home/user/cpython/Lib/test/crashers/gc_inspection.py,1092,32,31,false
/home/user/cpython/Lib/test/test_timeit.py,15460,402,988,false
/home/user/cpython/Lib/test/test_sort.py,14824,411,1276,false
/home/user/cpython/Lib/test/test_threading.py,91726,2577,3834,false
/home/user/cpython/Lib/test/test_argparse.py,263867,7394,20550,false
/home/user/cpython/Lib/test/test_dictviews.py,15299,356,2780,false
/home/user/cpython/Lib/test/pythoninfo.py,29758,1120,1814,false
/home/user/cpython/Lib/test/archivetestdata/testdata_module_inside_zip.py,69,2,1,false
/home/user/cpython/Lib/test/test_zipapp.py,18560,459,1468,false
/home/user/cpython/Lib/test/test_sched.py,7555,226,780,false
/home/user/cpython/Lib/test/test_contextlib_async.py,24045,755,1652,false
/home/user/cpython/Lib/test/test_calendar.py,62625,1279,3728,false
/home/user/cpython/Lib/test/test_complex.py,45404,1026,6499,false
/home/user/cpython/Lib/test/test_codecencodings_tw.py,681,22,39,false
/home/user/cpython/Lib/test/test_lzma.py,98099,2097,6166,false
/home/user/cpython/Lib/test/test_crossinterp.py,45500,1495,4013,false
/home/user/cpython/Lib/test/test_wmi.py,3366,89,264,false
/home/user/cpython/Lib/test/test_richcmp.py,12022,350,1093,false
/home/user/cpython/Lib/test/test_statistics.py,133844,3328,12003,false
/home/user/cpython/Lib/test/test_codecmaps_tw.py,705,27,33,false
/home/user/cpython/Lib/test/test_pyclbr.py,10967,287,679,false
/home/user/cpython/Lib/test/test_codecencodings_jp.py,4907,126,224,false
/home/user/cpython/Lib/test/test_threadsignals.py,10108,237,471,false
/home/user/cpython/Lib/test/test__opcode.py,6142,145,591,false
/home/user/cpython/Lib/test/test_html.py,4336,103,301,false
/home/user/cpython/Lib/test/test_winapi.py,5892,158,446,false
/home/user/cpython/Lib/test/test_codeop.py,8899,330,861,false
/home/user/cpython/Lib/test/test_mailbox.py,101441,2494,9980,false
/home/user/cpython/Lib/test/test_thread_local_bytecode.py,5403,198,108,false
/home/user/cpython/Lib/test/test_codecmaps_cn.py,746,26,19,false
/home/user/cpython/Lib/test/test_pow.py,6538,170,901,false
/home/user/cpython/Lib/test/test_dbm_sqlite3.py,11055,361,815,false
/home/user/cpython/Lib/test/test_linecache.py,15030,415,1122,false
/home/user/cpython/Lib/test/test_fcntl.py,10982,293,969,false
/home/user/cpython/Lib/test/test_longexp.py,233,10,26,false
/home/user/cpython/Lib/test/test_reprlib.py,31592,872,3303,false
/home/user/cpython/Lib/test/test_getopt.py,9647,249,938,false
/home/user/cpython/Lib/test/test_weakref.py,80892,2376,5810,false
/home/user/cpython/Lib/test/test_capi/test_watchers.py,24596,682,1585,false
/home/user/cpython/Lib/test/test_capi/test_tuple.py,10389,306,1638,false
/home/user/cpython/Lib/test/test_capi/test_frame.py,1904,56,155,false
/home/user/cpython/Lib/test/test_capi/test_immortal.py,1594,42,142,false
/home/user/cpython/Lib/test/test_capi/test_misc.py,116168,2978,7222,false
/home/user/cpython/Lib/test/test_capi/test_eval_code_ex.py,4679,126,612,false
/home/user/cpython/Lib/test/test_capi/test_eval.py,3519,103,231,false
/home/user/cpython/Lib/test/test_capi/test_file.py,11553,325,834,false
/home/user/cpython/Lib/test/test_capi/test_modsupport.py,6401,154,367,false
/home/user/cpython/Lib/test/test_capi/test_import.py,16200,381,1099,false
/home/user/cpython/Lib/test/test_capi/test_unicode.py,90547,1980,9825,false
/home/user/cpython/Lib/test/test_capi/test_mem.py,7541,183,217,false
/home/user/cpython/Lib/test/test_capi/test_hash.py,3066,93,242,false
/home/user/cpython/Lib/test/test_capi/test_config.py,16714,403,1103,false
/home/user/cpython/Lib/test/test_capi/test_complex.py,10866,299,1422,false
/home/user/cpython/Lib/test/test_capi/test_set.py,11089,271,1589,false
/home/user/cpython/Lib/test/test_capi/__main__.py,49,3,5,false
/home/user/cpython/Lib/test/test_capi/test_emscripten.py,849,25,54,false
/home/user/cpython/Lib/test/test_capi/check_config.py,2622,77,100,false
/home/user/cpython/Lib/test/test_capi/test_function.py,11999,323,941,false
/home/user/cpython/Lib/test/test_capi/test_pyatomic.py,404,15,27,false
/home/user/cpython/Lib/test/test_capi/test_list.py,12643,355,1897,false
/home/user/cpython/Lib/test/test_capi/__init__.py,289,12,14,false
/home/user/cpython/Lib/test/test_capi/test_sys.py,8605,216,675,false
/home/user/cpython/Lib/test/test_capi/test_run.py,4631,118,577,false
/home/user/cpython/Lib/test/test_capi/test_type.py,9548,276,722,false
/home/user/cpython/Lib/test/test_capi/test_dict.py,21842,550,2666,false
/home/user/cpython/Lib/test/test_capi/test_structmembers.py,6846,186,580,false
/home/user/cpython/Lib/test/test_capi/test_bytes.py,16453,393,2240,false
/home/user/cpython/Lib/test/test_capi/test_exceptions.py,27112,667,1989,false
/home/user/cpython/Lib/test/test_capi/test_time.py,2416,78,171,false
/home/user/cpython/Lib/test/test_capi/test_object.py,9098,251,583,false
/home/user/cpython/Lib/test/test_capi/test_opt.py,93507,2652,6789,false
/home/user/cpython/Lib/test/test_capi/test_number.py,14027,352,1633,false
/home/user/cpython/Lib/test/test_capi/test_getargs.py,63035,1461,6713,false
/home/user/cpython/Lib/test/test_capi/test_abstract.py,45847,1107,5875,false
/home/user/cpython/Lib/test/test_capi/test_codecs.py,43370,878,4167,false
/home/user/cpython/Lib/test/test_capi/test_long.py,35046,808,3469,false
/home/user/cpython/Lib/test/test_capi/test_float.py,8609,221,875,false
/home/user/cpython/Lib/test/test_capi/test_bytearray.py,7104,174,1112,false
/home/user/cpython/Lib/test/test_monitoring.py,81555,2442,6925,false
/home/user/cpython/Lib/test/pickletester.py,198540,5149,13905,false
/home/user/cpython/Lib/test/test_epoll.py,9630,269,751,false
/home/user/cpython/Lib/test/test_venv.py,44511,1052,2695,false
/home/user/cpython/Lib/test/test_plistlib.py,46464,1161,2812,false
/home/user/cpython/Lib/test/test_weakset.py,16661,483,1873,false
/home/user/cpython/Lib/test/test_ensurepip.py,12369,360,805,false
/home/user/cpython/Lib/test/test_enum.py,201848,5569,17107,false
/home/user/cpython/Lib/test/test_unicode_identifiers.py,1011,32,105,true
/home/user/cpython/Lib/test/test_fork1.py,3556,104,145,false
/home/user/cpython/Lib/test/test_gdb/test_misc.py,7768,188,278,false
/home/user/cpython/Lib/test/test_gdb/gdb_sample.py,156,12,26,false
/home/user/cpython/Lib/test/test_gdb/test_pretty_print.py,17776,438,1000,false
/home/user/cpython/Lib/test/test_gdb/__init__.py,1029,32,30,false
/home/user/cpython/Lib/test/test_gdb/test_cfunction_full.py,1003,36,32,false
/home/user/cpython/Lib/test/test_gdb/test_backtrace.py,5023,135,146,false
/home/user/cpython/Lib/test/test_gdb/util.py,10462,286,400,false
/home/user/cpython/Lib/test/test_gdb/test_cfunction.py,2923,85,117,false
/home/user/cpython/Lib/test/test_zoneinfo/_support.py,3200,100,118,false
/home/user/cpython/Lib/test/test_zoneinfo/data/update_test_data.py,3166,122,165,false
/home/user/cpython/Lib/test/test_zoneinfo/test_zoneinfo.py,83157,2334,5763,false
/home/user/cpython/Lib/test/test_zoneinfo/__main__.py,53,3,6,false
/home/user/cpython/Lib/test/test_zoneinfo/test_zoneinfo_property.py,12183,370,835,false
/home/user/cpython/Lib/test/test_zoneinfo/__init__.py,142,5,9,false
/home/user/cpython/Lib/test/test_urllib.py,73462,1691,5205,false
/home/user/cpython/Lib/test/test_dynamicclassattribute.py,9781,300,567,false
/home/user/cpython/Lib/test/test_zipfile/_path/_support.py,219,9,13,false
/home/user/cpython/Lib/test/test_zipfile/_path/_test_params.py,905,39,55,false
/home/user/cpython/Lib/test/test_zipfile/_path/_functools.py,211,9,12,false
/home/user/cpython/Lib/test/test_zipfile/_path/write-alpharep.py,110,3,5,false
/home/user/cpython/Lib/test/test_zipfile/_path/__init__.py,0,0,0,false
/home/user/cpython/Lib/test/test_zipfile/_path/test_complexity.py,3262,105,247,false
/home/user/cpython/Lib/test/test_zipfile/_path/test_path.py,22107,673,1285,false
/home/user/cpython/Lib/test/test_zipfile/_path/_itertools.py,2090,79,77,false
/home/user/cpython/Lib/test/test_zipfile/__main__.py,91,7,5,false
/home/user/cpython/Lib/test/test_zipfile/test_core.py,164248,3839,12276,false
/home/user/cpython/Lib/test/test_zipfile/__init__.py,142,5,11,false
/home/user/cpython/Lib/test/test_call.py,41986,1133,3093,false
/home/user/cpython/Lib/test/test_wsgiref.py,29996,844,2336,false
/home/user/cpython/Lib/test/test_unicode_file.py,5856,140,547,false
/home/user/cpython/Lib/test/test__locale.py,12740,300,826,false
/home/user/cpython/Lib/test/test_pdb.py,163055,5025,3304,false
/home/user/cpython/Lib/test/test_getpath.py,47592,1279,2425,false
/home/user/cpython/Lib/test/test_netrc.py,12381,314,672,false
/home/user/cpython/Lib/test/test_socketserver.py,18655,525,1014,false
/home/user/cpython/Lib/test/test_type_params.py,47872,1462,3259,false
/home/user/cpython/Lib/test/test_asyncgen.py,59693,2106,3440,false
/home/user/cpython/Lib/test/test_contains.py,3545,112,219,false
/home/user/cpython/Lib/test/test_ftplib.py,43069,1163,2995,false
/home/user/cpython/Lib/test/test_zipfile64.py,5923,144,453,false
/home/user/cpython/Lib/test/test_textwrap.py,44465,1137,2506,false
/home/user/cpython/Lib/test/test_http_cookies.py,23853,604,1905,false
/home/user/cpython/Lib/test/test_http_cookiejar.py,84104,2028,5657,false
/home/user/cpython/Lib/test/test_httpservers.py,64463,1568,4453,false
/home/user/cpython/Lib/test/test_runpy.py,34919,849,2290,false
/home/user/cpython/Lib/test/test_str.py,129501,2789,12316,false
/home/user/cpython/Lib/test/test_memoryview.py,25894,766,2529,false
/home/user/cpython/Lib/test/test_codecencodings_hk.py,701,22,36,false
/home/user/cpython/Lib/test/test_set.py,74143,2161,7759,false
/home/user/cpython/Lib/test/test_compiler_codegen.py,5566,163,354,false
/home/user/cpython/Lib/test/test_popen.py,2420,77,172,false
/home/user/cpython/Lib/test/test_peg_generator/test_c_parser.py,19721,527,452,false
/home/user/cpython/Lib/test/test_peg_generator/__main__.py,58,4,4,false
/home/user/cpython/Lib/test/test_peg_generator/__init__.py,294,12,14,false
/home/user/cpython/Lib/test/test_peg_generator/test_grammar_validator.py,2291,61,92,false
/home/user/cpython/Lib/test/test_peg_generator/test_first_sets.py,7971,286,625,false
/home/user/cpython/Lib/test/test_peg_generator/test_pegen.py,40745,1158,2636,false
/home/user/cpython/Lib/test/mp_preload_main.py,287,14,35,false
/home/user/cpython/Lib/test/test_type_aliases.py,14968,415,1585,false
/home/user/cpython/Lib/test/dis_module.py,76,5,2,false
/home/user/cpython/Lib/test/test_cmd_line_script.py,37042,820,1989,false
/home/user/cpython/Lib/test/ssl_servers.py,7291,209,460,false
/home/user/cpython/Lib/test/test_charmapcodec.py,1814,56,184,false
/home/user/cpython/Lib/test/mp_fork_bomb.py,448,18,31,false
/home/user/cpython/Lib/test/test_hashlib.py,57454,1392,3719,false
/home/user/cpython/Lib/test/testcodec.py,1046,48,54,false
/home/user/cpython/Lib/test/test_binascii.py,22670,521,2746,false
/home/user/cpython/Lib/test/test_selectors.py,20351,617,1620,false
/home/user/cpython/Lib/test/test_stringprep.py,3113,92,350,false
/home/user/cpython/Lib/test/test_timeout.py,10907,279,577,false
/home/user/cpython/Lib/test/test_exception_variations.py,14068,575,715,false
/home/user/cpython/Lib/test/test_annotationlib.py,58249,1719,5785,true
/home/user/cpython/Lib/test/xmltests.py,499,21,35,false
/home/user/cpython/Lib/test/test_code_module.py,14682,346,1221,false
/home/user/cpython/Lib/test/test_urllib2_localnet.py,24739,675,1600,false
/home/user/cpython/Lib/test/test_xxtestfuzz.py,690,25,42,false
/home/user/cpython/Lib/test/test_kqueue.py,9697,282,990,false
/home/user/cpython/Lib/test/test_utf8_mode.py,10556,282,686,false
/home/user/cpython/Lib/test/test_datetime.py,2735,67,153,false
/home/user/cpython/Lib/test/test_unary.py,1561,50,175,false
/home/user/cpython/Lib/test/test_unpack_ex.py,10216,411,36,false
/home/user/cpython/Lib/test/__main__.py,67,2,8,false
/home/user/cpython/Lib/test/test_io/test_file.py,12451,362,821,false
/home/user/cpython/Lib/test/test_io/test_general.py,53453,1395,4020,false
/home/user/cpython/Lib/test/test_io/test_signals.py,10671,280,537,false
/home/user/cpython/Lib/test/test_io/test_textio.py,65388,1664,4880,false
/home/user/cpython/Lib/test/test_io/test_largefile.py,11283,312,1196,false
/home/user/cpython/Lib/test/test_io/__main__.py,58,4,7,false
/home/user/cpython/Lib/test/test_io/__init__.py,1107,28,11,false
/home/user/cpython/Lib/test/test_io/test_memoryio.py,33440,904,3839,false
/home/user/cpython/Lib/test/test_io/test_fileio.py,26558,782,1985,false
/home/user/cpython/Lib/test/test_io/test_bufferedio.py,56151,1526,4743,false
/home/user/cpython/Lib/test/test_io/utils.py,7759,318,368,false
/home/user/cpython/Lib/test/test_io/test_univnewlines.py,3947,124,266,false
/home/user/cpython/Lib/test/subprocessdata/qgrep.py,253,10,14,false
/home/user/cpython/Lib/test/subprocessdata/sigchild_ignore.py,757,15,38,false
/home/user/cpython/Lib/test/subprocessdata/input_reader.py,130,7,7,false
/home/user/cpython/Lib/test/subprocessdata/qcat.py,159,7,18,false
/home/user/cpython/Lib/test/subprocessdata/fd_status.py,858,34,75,false
/home/user/cpython/Lib/test/test_turtle.py,22445,695,2063,false
/home/user/cpython/Lib/test/test_xml_dom_minicompat.py,4282,138,372,false
/home/user/cpython/Lib/test/test_msvcrt.py,3475,120,245,false
/home/user/cpython/Lib/test/profilee.py,3041,115,101,false
/home/user/cpython/Lib/test/test_unicode_file_functions.py,7038,193,428,false
/home/user/cpython/Lib/test/test_winconsoleio.py,8239,244,590,false
/home/user/cpython/Lib/test/autotest.py,214,5,5,false
/home/user/cpython/Lib/test/test_pathlib/support/zip_path.py,10930,337,654,false
/home/user/cpython/Lib/test/test_pathlib/support/local_path.py,5348,173,390,false
/home/user/cpython/Lib/test/test_pathlib/support/__init__.py,91,2,1,false
/home/user/cpython/Lib/test/test_pathlib/support/lexical_path.py,1138,52,67,false
/home/user/cpython/Lib/test/test_pathlib/test_pathlib.py,152009,3675,18844,false
/home/user/cpython/Lib/test/test_pathlib/test_join_posix.py,1212,51,98,false
/home/user/cpython/Lib/test/test_pathlib/test_join.py,19544,450,3475,false
/home/user/cpython/Lib/test/test_pathlib/test_join_windows.py,12673,295,1824,false
/home/user/cpython/Lib/test/test_pathlib/test_copy.py,7608,174,668,false
/home/user/cpython/Lib/test/test_pathlib/__init__.py,142,5,9,false
/home/user/cpython/Lib/test/test_pathlib/test_write.py,5251,147,424,false
/home/user/cpython/Lib/test/test_pathlib/test_read.py,15795,349,1957,false
/home/user/cpython/Lib/test/test_typing.py,397128,11036,48043,false
/home/user/cpython/Lib/test/test_positional_only_arg.py,19075,452,1390,false
/home/user/cpython/Lib/test/test_ipaddress.py,131031,2835,11592,false
/home/user/cpython/Lib/test/mp_preload.py,351,18,36,false
/home/user/cpython/Lib/test/test_structseq.py,14482,360,1621,false
/home/user/cpython/Lib/test/test_getpass.py,9696,241,518,false
/home/user/cpython/Lib/test/test_print.py,6896,204,583,false
/home/user/cpython/Lib/test/test_stable_abi_ctypes.py,27448,1009,951,false
/home/user/cpython/Lib/test/test_tomllib/test_misc.py,4283,124,219,false
/home/user/cpython/Lib/test/test_tomllib/burntsushi.py,4024,120,226,false
/home/user/cpython/Lib/test/test_tomllib/__main__.py,60,6,4,false
/home/user/cpython/Lib/test/test_tomllib/__init__.py,395,15,12,false
/home/user/cpython/Lib/test/test_tomllib/test_data.py,2232,64,134,false
/home/user/cpython/Lib/test/test_tomllib/test_error.py,3648,98,269,false
/home/user/cpython/Lib/test/test_zipimport_support.py,10863,244,554,false
/home/user/cpython/Lib/test/test_baseexception.py,7985,210,477,false
/home/user/cpython/Lib/test/test_pyexpat.py,43777,1117,2583,false
/home/user/cpython/Lib/test/test_named_expressions.py,30333,767,1926,false
/home/user/cpython/Lib/test/test_asdl_parser.py,4619,131,418,false
/home/user/cpython/Lib/test/test_module/final_a.py,435,19,35,false
/home/user/cpython/Lib/test/test_module/bad_getattr2.py,77,7,5,false
/home/user/cpython/Lib/test/test_module/bad_getattr3.py,139,5,6,false
/home/user/cpython/Lib/test/test_module/bad_getattr.py,61,4,3,false
/home/user/cpython/Lib/test/test_module/good_getattr.py,198,11,11,false
/home/user/cpython/Lib/test/test_module/__init__.py,14735,402,998,false
/home/user/cpython/Lib/test/test_module/final_b.py,435,19,38,false
/home/user/cpython/Lib/test/test_multibytecodec.py,16312,411,1314,false
/home/user/cpython/Lib/test/test_type_annotations.py,28622,874,1548,false
/home/user/cpython/Lib/test/test_utf8source.py,1121,41,74,false
/home/user/cpython/Lib/test/test_compile.py,104806,2946,7864,false
/home/user/cpython/Lib/test/test_copy.py,30401,989,3190,false
/home/user/cpython/Lib/test/test_graphlib.py,8968,264,1300,false
/home/user/cpython/Lib/test/test_coroutines.py,69853,2498,4529,false
/home/user/cpython/Lib/test/test_winreg.py,23676,540,1211,false
/home/user/cpython/Lib/test/test_list.py,12302,384,1161,false
/home/user/cpython/Lib/test/test_shlex.py,14084,383,800,false
/home/user/cpython/Lib/test/_test_atexit.py,3943,140,324,false
/home/user/cpython/Lib/test/__init__.py,47,1,0,false
/home/user/cpython/Lib/test/test_script_helper.py,5941,125,324,false
/home/user/cpython/Lib/test/test_atexit.py,6029,194,264,false
/home/user/cpython/Lib/test/test__interpchannels.py,63377,1810,4231,false
/home/user/cpython/Lib/test/test_signal.py,53832,1481,2137,false
/home/user/cpython/Lib/test/test_minidom.py,72588,1745,6706,false
/home/user/cpython/Lib/test/test_source_encoding.py,20198,529,1330,false
/home/user/cpython/Lib/test/test_subclassinit.py,8236,281,553,false
/home/user/cpython/Lib/test/test_sys.py,89479,2277,6694,false
/home/user/cpython/Lib/test/test_grammar.py,68411,2063,5745,false
/home/user/cpython/Lib/test/test_code.py,51001,1641,2809,false
/home/user/cpython/Lib/test/test_funcattrs.py,17704,511,1277,false
/home/user/cpython/Lib/test/test_abc.py,24366,699,1569,false
/home/user/cpython/Lib/test/test_dbm_gnu.py,8221,222,752,false
/home/user/cpython/Lib/test/mp_preload_flush.py,486,15,35,false
/home/user/cpython/Lib/test/test_tstring.py,11151,291,797,true
/home/user/cpython/Lib/test/test_math_property.py,1181,41,96,false
/home/user/cpython/Lib/test/test_winsound.py,5945,187,407,false
/home/user/cpython/Lib/test/test_queue.py,34342,1064,2446,false
/home/user/cpython/Lib/test/test_class.py,28958,1023,2772,false
/home/user/cpython/Lib/test/test_ctypes/test_init.py,1057,43,102,false
/home/user/cpython/Lib/test/test_ctypes/test_byteswap.py,14308,400,1435,false
/home/user/cpython/Lib/test/test_ctypes/test_memfunctions.py,5323,137,564,false
/home/user/cpython/Lib/test/test_ctypes/test_simplesubclasses.py,3137,96,288,false
/home/user/cpython/Lib/test/test_ctypes/test_macholib.py,4940,124,340,false
/home/user/cpython/Lib/test/test_ctypes/test_checkretval.py,1080,37,72,false
/home/user/cpython/Lib/test/test_ctypes/test_aligned_structures.py,12108,343,1046,false
/home/user/cpython/Lib/test/test_ctypes/test_varsize_struct.py,1875,52,233,false
/home/user/cpython/Lib/test/test_ctypes/_support.py,5876,150,319,false
/home/user/cpython/Lib/test/test_ctypes/test_parameters.py,11592,302,1249,false
/home/user/cpython/Lib/test/test_ctypes/test_python_api.py,2803,81,270,false
/home/user/cpython/Lib/test/test_ctypes/test_pointers.py,15427,477,1428,false
/home/user/cpython/Lib/test/test_ctypes/test_dllist.py,1786,59,132,false
/home/user/cpython/Lib/test/test_ctypes/test_funcptr.py,4489,135,412,false
/home/user/cpython/Lib/test/test_ctypes/test_as_parameter.py,7466,246,670,false
/home/user/cpython/Lib/test/test_ctypes/test_delattr.py,562,26,31,false
/home/user/cpython/Lib/test/test_ctypes/test_cast.py,3807,100,640,false
/home/user/cpython/Lib/test/test_ctypes/test_unaligned_structures.py,1407,51,86,false
/home/user/cpython/Lib/test/test_ctypes/test_wintypes.py,2109,61,171,false
/home/user/cpython/Lib/test/test_ctypes/test_unicode.py,2015,63,201,false
/home/user/cpython/Lib/test/test_ctypes/test_keeprefs.py,3022,119,361,false
/home/user/cpython/Lib/test/test_ctypes/test_random_things.py,2886,81,221,false
/home/user/cpython/Lib/test/test_ctypes/test_pep3118.py,9222,253,716,false
/home/user/cpython/Lib/test/test_ctypes/test_structures.py,24364,723,1923,false
/home/user/cpython/Lib/test/test_ctypes/test_slicing.py,5733,170,957,false
/home/user/cpython/Lib/test/test_ctypes/test_repr.py,1021,34,118,false
/home/user/cpython/Lib/test/test_ctypes/test_win32_com_foreign_func.py,9168,285,679,false
/home/user/cpython/Lib/test/test_ctypes/test_structunion.py,16366,477,1847,false
/home/user/cpython/Lib/test/test_ctypes/test_returnfuncptrs.py,3028,67,278,false
/home/user/cpython/Lib/test/test_ctypes/test_functions.py,15530,468,1420,false
/home/user/cpython/Lib/test/test_ctypes/__main__.py,73,4,5,false
/home/user/cpython/Lib/test/test_ctypes/test_dlerror.py,6614,180,313,false
/home/user/cpython/Lib/test/test_ctypes/test_numbers.py,8502,236,856,false
/home/user/cpython/Lib/test/test_ctypes/test_refcounts.py,4396,142,299,false
/home/user/cpython/Lib/test/test_ctypes/test_c_simple_type_meta.py,13564,384,1001,false
/home/user/cpython/Lib/test/test_ctypes/test_array_in_pointer.py,1769,68,168,false
/home/user/cpython/Lib/test/test_ctypes/test_anon.py,2785,81,209,false
/home/user/cpython/Lib/test/test_ctypes/test_strings.py,3851,134,387,false
/home/user/cpython/Lib/test/test_ctypes/test_win32.py,5842,152,521,false
/home/user/cpython/Lib/test/test_ctypes/__init__.py,262,10,14,false
/home/user/cpython/Lib/test/test_ctypes/test_internals.py,2543,97,244,false
/home/user/cpython/Lib/test/test_ctypes/test_cfuncs.py,8482,230,780,false
/home/user/cpython/Lib/test/test_ctypes/test_libc.py,2543,64,213,false
/home/user/cpython/Lib/test/test_ctypes/test_pickling.py,2496,91,203,false
/home/user/cpython/Lib/test/test_ctypes/test_frombuffer.py,5278,144,635,false
/home/user/cpython/Lib/test/test_ctypes/test_bytes.py,2141,70,220,false
/home/user/cpython/Lib/test/test_ctypes/test_incomplete.py,1660,55,109,false
/home/user/cpython/Lib/test/test_ctypes/test_prototypes.py,8266,252,944,false
/home/user/cpython/Lib/test/test_ctypes/test_bitfields.py,19918,587,1911,false
/home/user/cpython/Lib/test/test_ctypes/test_errno.py,2305,81,199,false
/home/user/cpython/Lib/test/test_ctypes/test_find.py,8137,225,526,false
/home/user/cpython/Lib/test/test_ctypes/test_loading.py,8040,208,464,false
/home/user/cpython/Lib/test/test_ctypes/test_objects.py,1559,66,15,false
/home/user/cpython/Lib/test/test_ctypes/test_sizes.py,1086,38,122,false
/home/user/cpython/Lib/test/test_ctypes/test_arrays.py,9637,292,918,false
/home/user/cpython/Lib/test/test_ctypes/test_values.py,4232,106,294,false
/home/user/cpython/Lib/test/test_ctypes/test_generated_structs.py,24285,761,1577,false
/home/user/cpython/Lib/test/test_ctypes/test_stringptr.py,2898,81,226,false
/home/user/cpython/Lib/test/test_ctypes/test_struct_fields.py,5316,162,366,false
/home/user/cpython/Lib/test/test_ctypes/test_callbacks.py,11520,333,820,false
/home/user/cpython/Lib/test/test_ctypes/test_buffers.py,2580,70,482,false
/home/user/cpython/Lib/test/test_urllib2net.py,13524,357,652,false
/home/user/cpython/Lib/test/test_tkinter/test_font.py,6315,173,642,false
/home/user/cpython/Lib/test/test_tkinter/test_misc.py,49265,1348,5087,false
/home/user/cpython/Lib/test/test_tkinter/test_geometry_managers.py,41185,908,4893,false
/home/user/cpython/Lib/test/test_tkinter/test_loadtk.py,1486,46,75,false
/home/user/cpython/Lib/test/test_tkinter/test_variables.py,11735,359,1243,false
/home/user/cpython/Lib/test/test_tkinter/test_images.py,28492,653,3853,false
/home/user/cpython/Lib/test/test_tkinter/__main__.py,58,4,4,false
/home/user/cpython/Lib/test/test_tkinter/test_text.py,4833,99,800,false
/home/user/cpython/Lib/test/test_tkinter/__init__.py,536,24,32,false
/home/user/cpython/Lib/test/test_tkinter/test_widgets.py,65134,1613,6044,false
/home/user/cpython/Lib/test/test_tkinter/support.py,4154,134,300,false
/home/user/cpython/Lib/test/test_tkinter/test_colorchooser.py,2207,68,202,false
/home/user/cpython/Lib/test/test_tkinter/test_simpledialog.py,1014,35,64,false
/home/user/cpython/Lib/test/test_tkinter/widget_tests.py,24355,629,1758,false
/home/user/cpython/Lib/test/test_tkinter/test_messagebox.py,1130,36,60,false
/home/user/cpython/Lib/test/test_platform.py,32441,825,2383,false
/home/user/cpython/Lib/test/test_multiprocessing_main_handling.py,11758,300,476,false
/home/user/cpython/Lib/test/test_descr.py,214626,6194,19254,false
/home/user/cpython/Lib/test/regrtestdata/import_from_tests/test_regrtest_c.py,416,11,35,false
/home/user/cpython/Lib/test/regrtestdata/import_from_tests/test_regrtest_a.py,416,11,35,false
/home/user/cpython/Lib/test/regrtestdata/import_from_tests/test_regrtest_b/__init__.py,309,9,23,false
/home/user/cpython/Lib/test/regrtestdata/import_from_tests/test_regrtest_b/util.py,0,0,0,false
/home/user/cpython/Lib/test/test_bisect.py,17024,420,1970,false
/home/user/cpython/Lib/test/test_profiling/test_sampling_profiler.py,110752,2937,6544,false
/home/user/cpython/Lib/test/test_profiling/test_tracing_profiler.py,10293,230,329,false
/home/user/cpython/Lib/test/test_profiling/__main__.py,58,4,4,false
/home/user/cpython/Lib/test/test_profiling/__init__.py,142,5,8,false
/home/user/cpython/Lib/test/test_android.py,18653,461,1163,false
/home/user/cpython/Lib/test/test_curses.py,52159,1441,5685,false
/home/user/cpython/Lib/test/test_xxlimited.py,2515,90,224,false
/home/user/cpython/Lib/test/test_socket.py,287576,7494,19236,false
/home/user/cpython/Lib/test/test_grp.py,3758,111,288,false
/home/user/cpython/Lib/test/test_copyreg.py,4468,128,352,false
/home/user/cpython/Lib/test/test_zipimport.py,45025,1111,3795,false
/home/user/cpython/Lib/test/lock_tests.py,38317,1265,2852,false
/home/user/cpython/Lib/test/test_sys_setprofile.py,16483,537,1284,false
/home/user/cpython/Lib/test/test_syntax.py,101244,3403,1324,false
/home/user/cpython/Lib/test/test_external_inspection.py,76588,1906,4425,false
/home/user/cpython/Lib/test/test_functools.py,132787,3642,14420,false
/home/user/cpython/Lib/test/test_symtable.py,26085,647,2118,false
/home/user/cpython/Lib/test/test_descrtut.py,11303,482,147,false
/home/user/cpython/Lib/test/test__interpreters.py,34980,1124,2195,false
/home/user/cpython/Lib/test/test_smtpnet.py,3186,93,186,false
/home/user/cpython/Lib/test/test_cppext/setup.py,3979,124,234,false
/home/user/cpython/Lib/test/test_cppext/__init__.py,4709,121,291,false
/home/user/cpython/Lib/test/test_embed.py,76157,1976,4359,false
/home/user/cpython/Lib/test/test_pickle.py,28654,771,2261,false
/home/user/cpython/Lib/test/test_dict.py,53121,1649,5221,false
/home/user/cpython/Lib/test/typinganndata/ann_module2.py,519,36,32,false
/home/user/cpython/Lib/test/typinganndata/ann_module4.py,81,5,3,false
/home/user/cpython/Lib/test/typinganndata/ann_module8.py,177,10,5,false
/home/user/cpython/Lib/test/typinganndata/ann_module6.py,138,7,5,false
/home/user/cpython/Lib/test/typinganndata/ann_module5.py,202,10,7,false
/home/user/cpython/Lib/test/typinganndata/ann_module7.py,295,11,5,false
/home/user/cpython/Lib/test/typinganndata/ann_module9.py,280,14,21,false
/home/user/cpython/Lib/test/typinganndata/mod_generics_cache.py,508,24,34,false
/home/user/cpython/Lib/test/typinganndata/__init__.py,0,0,0,false
/home/user/cpython/Lib/test/typinganndata/ann_module.py,1062,58,78,false
/home/user/cpython/Lib/test/typinganndata/ann_module3.py,448,18,16,false
/home/user/cpython/Lib/test/typinganndata/ann_module695.py,1234,72,78,false
/home/user/cpython/Lib/test/typinganndata/partialexecution/b.py,43,3,3,false
/home/user/cpython/Lib/test/typinganndata/partialexecution/__init__.py,16,1,1,false
/home/user/cpython/Lib/test/typinganndata/partialexecution/a.py,34,5,5,false
/home/user/cpython/Lib/test/typinganndata/fwdref_module.py,123,6,11,false
/home/user/cpython/Lib/test/typinganndata/_typed_dict_helper.py,859,30,36,false
/home/user/cpython/Lib/test/test__osx_support.py,13847,327,670,false
/home/user/cpython/Lib/test/_test_embed_structseq.py,2061,62,130,false
/home/user/cpython/Lib/test/test_iter.py,39139,1190,4645,false
/home/user/cpython/Lib/test/audit-tests.py,21964,761,1943,false
/home/user/cpython/Lib/test/test_xml_etree_c.py,9647,280,605,false
/home/user/cpython/Lib/test/test_int.py,35379,926,3414,false
/home/user/cpython/Lib/test/test_readline.py,17478,439,881,false
/home/user/cpython/Lib/test/test_random.py,60801,1473,5572,false
/home/user/cpython/Lib/test/test_unparse.py,36336,984,2927,false
/home/user/cpython/Lib/test/test_inspect/inspect_stringized_annotations_pep695.py,1658,87,92,false
/home/user/cpython/Lib/test/test_inspect/test_inspect.py,255026,6554,24080,false
/home/user/cpython/Lib/test/test_inspect/inspect_stock_annotations.py,509,28,34,false
/home/user/cpython/Lib/test/test_inspect/inspect_fodder.py,2116,120,94,false
/home/user/cpython/Lib/test/test_inspect/inspect_fodder2.py,5801,403,332,false
/home/user/cpython/Lib/test/test_inspect/inspect_deferred_annotations.py,30,2,3,false
/home/user/cpython/Lib/test/test_inspect/inspect_stringized_annotations.py,612,34,45,false
/home/user/cpython/Lib/test/test_inspect/__init__.py,132,6,8,false
/home/user/cpython/Lib/test/test_inspect/inspect_stringized_annotations_2.py,60,3,3,false
/home/user/cpython/Lib/test/test_tools/i18n_data/escapes.py,575,23,21,false
/home/user/cpython/Lib/test/test_tools/i18n_data/docstrings.py,670,43,19,false
/home/user/cpython/Lib/test/test_tools/i18n_data/fileloc.py,349,26,19,false
/home/user/cpython/Lib/test/test_tools/i18n_data/comments.py,1578,78,67,false
/home/user/cpython/Lib/test/test_tools/i18n_data/messages.py,2126,119,353,false
/home/user/cpython/Lib/test/test_tools/i18n_data/multiple_keywords.py,233,11,19,false
/home/user/cpython/Lib/test/test_tools/i18n_data/custom_keywords.py,613,34,57,false
/home/user/cpython/Lib/test/test_tools/test_sundry.py,910,30,28,false
/home/user/cpython/Lib/test/test_tools/test_msgfmt.py,10619,294,692,false
/home/user/cpython/Lib/test/test_tools/test_i18n.py,24894,643,1604,false
/home/user/cpython/Lib/test/test_tools/test_freeze.py,1369,37,61,false
/home/user/cpython/Lib/test/test_tools/test_makeunicodedata.py,3954,122,483,false
/home/user/cpython/Lib/test/test_tools/test_reindent.py,1039,35,73,false
/home/user/cpython/Lib/test/test_tools/__main__.py,72,4,4,false
/home/user/cpython/Lib/test/test_tools/__init__.py,1334,43,130,false
/home/user/cpython/Lib/test/test_tools/test_makefile.py,2870,81,171,false
/home/user/cpython/Lib/test/test_itertools.py,101443,2540,18724,false
/home/user/cpython/Lib/test/test_sax.py,56432,1577,4849,false
/home/user/cpython/Lib/test/_test_monitoring_shutdown.py,727,30,69,false
/home/user/cpython/Lib/test/test_pulldom.py,12616,349,917,false
/home/user/cpython/Lib/test/test_heapq.py,23386,641,2290,false
/home/user/cpython/Lib/test/test_shutil.py,144481,3499,13249,false
/home/user/cpython/Lib/test/certdata/make_ssl_certs.py,10372,326,577,false
/home/user/cpython/Lib/test/datetimetester.py,304130,7482,27121,false
/home/user/cpython/Lib/test/test_generator_stop.py,943,34,61,false
/home/user/cpython/Lib/test/test_poll.py,7674,240,634,false
/home/user/cpython/Lib/test/test_filecmp.py,16040,371,1304,false
/home/user/cpython/Lib/test/test_uuid.py,66963,1501,4470,false
/home/user/cpython/Lib/test/test_launcher.py,31258,796,2744,false
/home/user/cpython/Lib/test/test_codecmaps_jp.py,1744,60,90,false
/home/user/cpython/Lib/test/test_lltrace.py,3795,111,234,false
/home/user/cpython/Lib/test/test_property.py,20586,602,1117,false
/home/user/cpython/Lib/test/test_math.py,131298,3070,18220,false
/home/user/cpython/Lib/test/test_bytes.py,101041,2678,12883,false
/home/user/cpython/Lib/test/test_keywordonlyarg.py,7058,178,1162,false
/home/user/cpython/Lib/test/test_decimal.py,223788,6025,24593,false
/home/user/cpython/Lib/test/test_flufl.py,2874,65,277,false
/home/user/cpython/Lib/test/test_genexps.py,7201,285,40,false
/home/user/cpython/Lib/test/test_xmlrpc.py,59731,1540,4700,false
/home/user/cpython/Lib/test/test_site.py,37401,920,2775,false
/home/user/cpython/Lib/test/test_base64.py,46878,1042,4218,false
/home/user/cpython/Lib/test/test_exception_hierarchy.py,7721,211,494,false
/home/user/cpython/Lib/test/test_locale.py,32243,794,2363,false
/home/user/cpython/Lib/test/tf_inherit_check.py,714,27,46,false
/home/user/cpython/Lib/test/test_multiprocessing_forkserver/test_manager.py,208,7,13,false
/home/user/cpython/Lib/test/test_multiprocessing_forkserver/test_misc.py,207,7,13,false
/home/user/cpython/Lib/test/test_multiprocessing_forkserver/test_threads.py,208,7,12,false
/home/user/cpython/Lib/test/test_multiprocessing_forkserver/test_processes.py,210,7,13,false
/home/user/cpython/Lib/test/test_multiprocessing_forkserver/__init__.py,338,13,17,false
/home/user/cpython/Lib/test/test_exceptions.py,92393,2648,5984,false
/home/user/cpython/Lib/test/test_pkg.py,9834,295,762,false
/home/user/cpython/Lib/test/cov.py,1294,48,91,false
/home/user/cpython/Lib/test/test_urllib_response.py,2089,70,205,false
/home/user/cpython/Lib/test/test_dataclasses/dataclass_module_1_str.py,835,32,43,false
/home/user/cpython/Lib/test/test_dataclasses/dataclass_module_2_str.py,754,32,30,false
/home/user/cpython/Lib/test/test_dataclasses/dataclass_textanno.py,126,12,5,false
/home/user/cpython/Lib/test/test_dataclasses/dataclass_module_1.py,837,32,42,false
/home/user/cpython/Lib/test/test_dataclasses/__init__.py,165466,5178,12844,false
/home/user/cpython/Lib/test/test_dataclasses/dataclass_module_2.py,756,32,31,false
/home/user/cpython/Lib/test/test_raise.py,14448,520,832,false
/home/user/cpython/Lib/test/test_bz2.py,46332,1205,4091,false
/home/user/cpython/Lib/test/test_cmd.py,9071,331,285,false
/home/user/cpython/Lib/test/test_errno.py,934,33,49,false
/home/user/cpython/Lib/test/test___all__.py,5213,146,280,false
/home/user/cpython/Lib/test/test_time.py,46364,1198,3756,false
/home/user/cpython/Lib/test/test_pyrepl/test_interact.py,9233,275,730,false
/home/user/cpython/Lib/test/test_pyrepl/eio_test_script.py,3508,94,360,false
/home/user/cpython/Lib/test/test_pyrepl/test_reader.py,19604,560,1212,false
/home/user/cpython/Lib/test/test_pyrepl/test_terminfo.py,22346,651,974,false
/home/user/cpython/Lib/test/test_pyrepl/test_unix_console.py,12374,388,898,false
/home/user/cpython/Lib/test/test_pyrepl/test_eventqueue.py,6336,198,609,false
/home/user/cpython/Lib/test/test_pyrepl/__main__.py,73,4,5,false
/home/user/cpython/Lib/test/test_pyrepl/test_pyrepl.py,69596,1910,4635,false
/home/user/cpython/Lib/test/test_pyrepl/__init__.py,242,11,15,false
/home/user/cpython/Lib/test/test_pyrepl/test_windows_console.py,20403,581,1716,false
/home/user/cpython/Lib/test/test_pyrepl/test_keymap.py,5173,120,422,false
/home/user/cpython/Lib/test/test_pyrepl/test_input.py,3492,102,328,false
/home/user/cpython/Lib/test/test_pyrepl/support.py,4728,171,310,false
/home/user/cpython/Lib/test/test_pyrepl/test_utils.py,2872,84,383,false
/home/user/cpython/Lib/test/test_regrtest.py,100055,2638,6714,false
/home/user/cpython/Lib/test/test_sysconfig.py,37348,885,2396,false
/home/user/cpython/Lib/test/re_tests.py,26552,564,1941,false
/home/user/cpython/Lib/test/test_metaclass.py,7226,302,41,false
/home/user/cpython/Lib/test/test_concurrent_futures/test_init.py,5154,159,283,false
/home/user/cpython/Lib/test/test_concurrent_futures/test_as_completed.py,4231,122,305,false
/home/user/cpython/Lib/test/test_concurrent_futures/test_future.py,12189,348,905,false
/home/user/cpython/Lib/test/test_concurrent_futures/executor.py,9594,249,789,false
/home/user/cpython/Lib/test/test_concurrent_futures/test_interpreter_pool.py,19928,593,1121,false
/home/user/cpython/Lib/test/test_concurrent_futures/test_wait.py,7415,212,735,false
/home/user/cpython/Lib/test/test_concurrent_futures/test_process_pool.py,14466,359,1098,false
/home/user/cpython/Lib/test/test_concurrent_futures/test_shutdown.py,16308,416,936,false
/home/user/cpython/Lib/test/test_concurrent_futures/__init__.py,583,18,28,false
/home/user/cpython/Lib/test/test_concurrent_futures/test_thread_pool.py,4613,124,305,false
/home/user/cpython/Lib/test/test_concurrent_futures/test_deadlock.py,12924,342,583,false
/home/user/cpython/Lib/test/test_concurrent_futures/util.py,5597,179,454,false
/home/user/cpython/Lib/test/test_finalization.py,15703,552,1489,false
/home/user/cpython/Lib/test/test_contextlib.py,44373,1366,4354,false
/home/user/cpython/Lib/test/test_collections.py,96817,2468,10613,false
/home/user/cpython/Lib/test/test_webbrowser.py,20105,576,1201,false
/home/user/cpython/Lib/test/test_decorators.py,10957,341,803,false
/home/user/cpython/Lib/test/audiotests.py,12425,330,1110,false
/home/user/cpython/Lib/test/test_codeccallbacks.py,51757,1301,3858,false
/home/user/cpython/Lib/test/test_nturl2path.py,5287,107,561,false
/home/user/cpython/Lib/test/test_wait4.py,1167,38,59,false
/home/user/cpython/Lib/test/test_ttk/test_style.py,18640,446,1718,false
/home/user/cpython/Lib/test/test_ttk/test_extensions.py,12341,336,1153,false
/home/user/cpython/Lib/test/test_ttk/__main__.py,58,4,4,false
/home/user/cpython/Lib/test/test_ttk/__init__.py,1261,49,64,false
/home/user/cpython/Lib/test/test_ttk/test_widgets.py,74502,2011,7953,false
/home/user/cpython/Lib/test/test_stat.py,13326,334,1149,false
/home/user/cpython/Lib/test/test_builtin.py,112197,3001,14152,false
/home/user/cpython/Lib/test/test_urllibnet.py,9496,231,497,false
/home/user/cpython/Lib/test/test_optimizer.py,2670,90,139,false
/home/user/cpython/Lib/test/test_logging.py,268821,7257,21398,false
/home/user/cpython/Lib/test/test_free_threading/test_json.py,2308,79,167,false
/home/user/cpython/Lib/test/test_free_threading/test_resource.py,1381,41,79,false
/home/user/cpython/Lib/test/test_free_threading/test_tokenize.py,2213,57,223,false
/home/user/cpython/Lib/test/test_free_threading/test_gc.py,1645,67,119,false
/home/user/cpython/Lib/test/test_free_threading/test_mmap.py,11270,315,766,false
/home/user/cpython/Lib/test/test_free_threading/test_enumerate.py,1076,38,97,false
/home/user/cpython/Lib/test/test_free_threading/test_zip.py,1066,41,87,false
/home/user/cpython/Lib/test/test_free_threading/test_syslog.py,1463,44,115,false
/home/user/cpython/Lib/test/test_free_threading/test_pwd.py,884,33,41,false
/home/user/cpython/Lib/test/test_free_threading/test_cprofile.py,1512,43,63,false
/home/user/cpython/Lib/test/test_free_threading/test_methodcaller.py,773,32,65,false
/home/user/cpython/Lib/test/test_free_threading/test_generators.py,1578,51,112,false
/home/user/cpython/Lib/test/test_free_threading/test_iteration.py,4649,127,228,false
/home/user/cpython/Lib/test/test_free_threading/test_monitoring.py,12652,483,818,false
/home/user/cpython/Lib/test/test_free_threading/test_str.py,2003,74,151,false
/home/user/cpython/Lib/test/test_free_threading/test_set.py,1104,41,89,false
/home/user/cpython/Lib/test/test_free_threading/test_itertools_combinatoric.py,1431,51,103,false
/home/user/cpython/Lib/test/test_free_threading/test_io.py,3882,117,370,false
/home/user/cpython/Lib/test/test_free_threading/test_reversed.py,1176,39,77,false
/home/user/cpython/Lib/test/test_free_threading/test_list.py,2456,96,194,false
/home/user/cpython/Lib/test/test_free_threading/__init__.py,225,11,12,false
/home/user/cpython/Lib/test/test_free_threading/test_func_annotations.py,2603,67,216,false
/home/user/cpython/Lib/test/test_free_threading/test_code.py,912,30,61,false
/home/user/cpython/Lib/test/test_free_threading/test_races.py,8371,323,518,false
/home/user/cpython/Lib/test/test_free_threading/test_dbm_gnu.py,2814,79,174,false
/home/user/cpython/Lib/test/test_free_threading/test_bisect.py,1715,56,98,false
/home/user/cpython/Lib/test/test_free_threading/test_grp.py,954,35,38,false
/home/user/cpython/Lib/test/test_free_threading/test_type.py,3921,166,225,false
/home/user/cpython/Lib/test/test_free_threading/test_functools.py,1989,75,122,false
/home/user/cpython/Lib/test/test_free_threading/test_dict.py,6881,249,412,false
/home/user/cpython/Lib/test/test_free_threading/test_itertools.py,2687,95,189,false
/home/user/cpython/Lib/test/test_free_threading/test_heapq.py,7496,247,550,false
/home/user/cpython/Lib/test/test_free_threading/test_slots.py,7964,287,466,false
/home/user/cpython/Lib/test/test_range.py,27167,728,4029,false
/home/user/cpython/Lib/test/test_re.py,149994,3130,20028,false
/home/user/cpython/Lib/test/test_eof.py,8201,171,622,false
/home/user/cpython/Lib/test/test_sqlite3/test_types.py,20349,547,1417,false
/home/user/cpython/Lib/test/test_sqlite3/test_factory.py,12208,314,1070,false
/home/user/cpython/Lib/test/test_sqlite3/test_transactions.py,19967,528,1260,false
/home/user/cpython/Lib/test/test_sqlite3/test_hooks.py,12910,355,854,false
/home/user/cpython/Lib/test/test_sqlite3/test_dump.py,9169,233,494,false
/home/user/cpython/Lib/test/test_sqlite3/__main__.py,115,4,3,false
/home/user/cpython/Lib/test/test_sqlite3/test_backup.py,5605,164,489,false
/home/user/cpython/Lib/test/test_sqlite3/__init__.py,440,14,25,false
/home/user/cpython/Lib/test/test_sqlite3/test_regression.py,19487,507,1094,false
/home/user/cpython/Lib/test/test_sqlite3/test_userfunctions.py,28730,811,1867,false
/home/user/cpython/Lib/test/test_sqlite3/util.py,2687,89,183,false
/home/user/cpython/Lib/test/test_sqlite3/test_dbapi.py,76047,2033,4987,false
/home/user/cpython/Lib/test/test_sqlite3/test_cli.py,12050,320,1061,false
/home/user/cpython/Lib/test/test_select.py,3504,104,279,false
/home/user/cpython/Lib/test/_crossinterp_definitions.py,2034,120,183,false
/home/user/cpython/Lib/test/dtracedata/instance.py,317,24,28,false
/home/user/cpython/Lib/test/dtracedata/call_stack.py,492,30,38,false
/home/user/cpython/Lib/test/dtracedata/gc.py,155,13,21,false
/home/user/cpython/Lib/test/dtracedata/line.py,293,17,33,false
/home/user/cpython/Lib/test/test_deque.py,33955,1038,4238,false
/home/user/cpython/Lib/test/tokenizedata/bad_coding2.py,30,2,6,true
/home/user/cpython/Lib/test/tokenizedata/badsyntax_3131.py,32,2,2,true
/home/user/cpython/Lib/test/tokenizedata/coding20731.py,22,4,0,false
/home/user/cpython/Lib/test/tokenizedata/bad_coding.py,24,1,0,false
/home/user/cpython/Lib/test/tokenizedata/__init__.py,0,0,0,false
/home/user/cpython/Lib/test/test_colorsys.py,4370,110,479,false
/home/user/cpython/Lib/test/test_picklebuffer.py,5109,153,486,false
/home/user/cpython/Lib/test/test_faulthandler.py,33947,982,1470,false
/home/user/cpython/Lib/test/test_numeric_tower.py,8188,230,1040,false
/home/user/cpython/Lib/test/test_openpty.py,600,21,51,false
/home/user/cpython/Lib/test/test_codecencodings_kr.py,3028,69,162,false
/home/user/cpython/Lib/test/test_augassign.py,7868,326,488,false
/home/user/cpython/Lib/test/test_idle.py,876,25,28,false
/home/user/cpython/Lib/test/test_remote_pdb.py,57949,1594,3588,false
/home/user/cpython/Lib/test/test_opcodes.py,3792,141,258,false
/home/user/cpython/Lib/test/test_multiprocessing_spawn/test_manager.py,203,7,18,false
/home/user/cpython/Lib/test/test_multiprocessing_spawn/test_misc.py,202,7,14,false
/home/user/cpython/Lib/test/test_multiprocessing_spawn/test_threads.py,203,7,18,false
/home/user/cpython/Lib/test/test_multiprocessing_spawn/test_processes.py,205,7,12,false
/home/user/cpython/Lib/test/test_multiprocessing_spawn/__init__.py,228,9,13,false
/home/user/cpython/Lib/test/test_defaultdict.py,6248,190,835,false
/home/user/cpython/Lib/test/test_bigmem.py,46908,1285,5799,false
/home/user/cpython/Lib/test/test_support.py,40526,1063,2661,false
/home/user/cpython/Lib/test/test_fstring.py,72974,1871,8028,true
/home/user/cpython/Lib/test/_test_multiprocessing.py,255957,7366,19679,false
/home/user/cpython/Lib/test/mock_socket.py,3775,166,205,false
/home/user/cpython/Lib/test/test_gettext.py,44768,1086,3322,false
/home/user/cpython/Lib/test/test_binop.py,14473,440,1512,false
/home/user/cpython/Lib/test/test_userdict.py,7807,220,1084,false
/home/user/cpython/Lib/test/test_codecs.py,154680,3907,12759,false
/home/user/cpython/Lib/test/test_threading_local.py,7179,249,451,false
/home/user/cpython/Lib/test/test_ttk_textonly.py,17869,481,2283,false
/home/user/cpython/Lib/test/test_dynamic.py,6198,198,451,false
/home/user/cpython/Lib/test/test_ioctl.py,8302,217,730,false
/home/user/cpython/Lib/test/test_eintr.py,627,21,27,false
/home/user/cpython/Lib/test/test_tempfile.py,77115,2037,5603,false
/home/user/cpython/Lib/test/test_keyword.py,2050,56,173,false
/home/user/cpython/Lib/test/test_format.py,29806,637,2536,false
/home/user/cpython/Lib/test/test_compiler_assemble.py,4968,149,350,false
/home/user/cpython/Lib/test/test_long.py,67675,1718,7343,false
/home/user/cpython/Lib/test/test_urlparse.py,89119,1766,7414,false
/home/user/cpython/Lib/test/test_rlcompleter.py,8145,187,797,false
/home/user/cpython/Lib/test/test_smtplib.py,63764,1611,4016,false
/home/user/cpython/Lib/test/test_interpreters/test_api.py,87405,2489,5605,false
/home/user/cpython/Lib/test/test_interpreters/test_stress.py,3079,89,177,false
/home/user/cpython/Lib/test/test_interpreters/__main__.py,58,4,6,false
/home/user/cpython/Lib/test/test_interpreters/test_queues.py,22555,667,1744,false
/home/user/cpython/Lib/test/test_interpreters/__init__.py,240,9,13,false
/home/user/cpython/Lib/test/test_interpreters/test_lifecycle.py,6526,194,490,false
/home/user/cpython/Lib/test/test_interpreters/utils.py,20449,686,1353,false
/home/user/cpython/Lib/test/test_interpreters/test_channels.py,20009,604,1467,false
/home/user/cpython/Lib/test/multibytecodec_support.py,15263,400,1157,false
/home/user/cpython/Lib/test/test_cmd_line.py,55668,1316,3303,false
/home/user/cpython/Lib/test/test_float.py,70150,1584,12361,false
/home/user/cpython/Lib/test/test_clinic.py,162727,4584,15399,false
/home/user/cpython/Lib/test/_code_definitions.py,6261,323,411,false
/home/user/cpython/Lib/test/test_isinstance.py,13510,368,984,false
/home/user/cpython/Lib/test/test_dis.py,110270,2607,6976,false
/home/user/cpython/Lib/test/test_pprint.py,54581,1490,5970,false
/home/user/cpython/Lib/test/test_type_cache.py,8222,265,585,false
/home/user/cpython/Lib/test/test_fractions.py,72752,1713,9888,false
/home/user/cpython/Lib/test/test_typechecks.py,2615,71,391,false
/home/user/cpython/Lib/threading.py,56734,1636,1619,false
/home/user/cpython/Lib/_osx_support.py,22023,579,757,false
/home/user/cpython/Lib/enum.py,86508,2193,4029,false
/home/user/cpython/Lib/_compat_pickle.py,8601,248,651,false
/home/user/cpython/Lib/_pydatetime.py,97276,2768,4348,false
/home/user/cpython/Lib/shlex.py,13756,351,704,false
/home/user/cpython/Lib/sched.py,6351,167,177,false
/home/user/cpython/Lib/logging/handlers.py,62792,1641,2000,false
/home/user/cpython/Lib/logging/config.py,42984,1077,1997,false
/home/user/cpython/Lib/logging/__init__.py,84959,2353,2658,false
/home/user/cpython/Lib/_strptime.py,36117,834,1973,false
/home/user/cpython/Lib/importlib/readers.py,327,12,9,false
/home/user/cpython/Lib/importlib/abc.py,7583,234,215,false
/home/user/cpython/Lib/importlib/metadata/_text.py,2166,99,52,false
/home/user/cpython/Lib/importlib/metadata/_functools.py,2895,104,42,false
/home/user/cpython/Lib/importlib/metadata/_adapters.py,3784,135,178,false
/home/user/cpython/Lib/importlib/metadata/_collections.py,760,34,52,false
/home/user/cpython/Lib/importlib/metadata/diagnose.py,379,21,57,false
/home/user/cpython/Lib/importlib/metadata/_meta.py,1765,71,77,false
/home/user/cpython/Lib/importlib/metadata/__init__.py,36711,1164,1345,false
/home/user/cpython/Lib/importlib/metadata/_itertools.py,5351,171,248,false
/home/user/cpython/Lib/importlib/metadata/_typing.py,367,15,9,false
/home/user/cpython/Lib/importlib/_abc.py,1354,39,19,false
/home/user/cpython/Lib/importlib/_bootstrap.py,57644,1570,2282,false
/home/user/cpython/Lib/importlib/machinery.py,2166,50,94,false
/home/user/cpython/Lib/importlib/__init__.py,4767,136,165,false
/home/user/cpython/Lib/importlib/_bootstrap_external.py,57941,1568,2664,false
/home/user/cpython/Lib/importlib/resources/readers.py,6243,203,306,false
/home/user/cpython/Lib/importlib/resources/abc.py,5203,173,172,false
/home/user/cpython/Lib/importlib/resources/_adapters.py,4482,168,181,false
/home/user/cpython/Lib/importlib/resources/_functional.py,2651,81,96,false
/home/user/cpython/Lib/importlib/resources/__init__.py,703,43,34,false
/home/user/cpython/Lib/importlib/resources/_common.py,4692,177,222,false
/home/user/cpython/Lib/importlib/resources/_itertools.py,1277,38,40,false
/home/user/cpython/Lib/importlib/resources/simple.py,2590,106,144,false
/home/user/cpython/Lib/importlib/util.py,11414,279,482,false
/home/user/cpython/Lib/importlib/simple.py,354,14,10,false
/home/user/cpython/Lib/nturl2path.py,2443,74,92,false
/home/user/cpython/Lib/venv/__main__.py,141,10,20,false
/home/user/cpython/Lib/venv/__init__.py,31041,694,1520,false
/home/user/cpython/Lib/pprint.py,27808,754,1858,false
/home/user/cpython/Lib/hmac.py,10101,282,527,false
/home/user/cpython/Lib/abc.py,6538,188,203,false
/home/user/cpython/Lib/netrc.py,7030,199,460,false
/home/user/cpython/Lib/wave.py,22246,636,912,false
/home/user/cpython/Lib/fnmatch.py,6791,209,364,false
/home/user/cpython/Lib/__future__.py,5218,147,206,false
/home/user/cpython/Lib/idlelib/redirector.py,6832,174,219,false
/home/user/cpython/Lib/idlelib/outwin.py,5705,188,257,false
/home/user/cpython/Lib/idlelib/window.py,2616,98,151,false
/home/user/cpython/Lib/idlelib/squeezer.py,12834,345,538,false
/home/user/cpython/Lib/idlelib/autocomplete.py,9354,228,445,false
/home/user/cpython/Lib/idlelib/history.py,4065,106,276,false
/home/user/cpython/Lib/idlelib/autoexpand.py,3216,96,201,false
/home/user/cpython/Lib/idlelib/tree.py,16773,509,1115,false
/home/user/cpython/Lib/idlelib/run.py,21877,653,1245,false
/home/user/cpython/Lib/idlelib/searchbase.py,7852,210,535,false
/home/user/cpython/Lib/idlelib/pyshell.py,62428,1699,4025,false
/home/user/cpython/Lib/idlelib/query.py,15067,392,938,false
/home/user/cpython/Lib/idlelib/pathbrowser.py,3093,107,228,false
/home/user/cpython/Lib/idlelib/textview.py,6808,193,347,false
/home/user/cpython/Lib/idlelib/undo.py,11016,367,741,false
/home/user/cpython/Lib/idlelib/configdialog.py,105303,2408,5315,false
/home/user/cpython/Lib/idlelib/hyperparser.py,12889,312,655,false
/home/user/cpython/Lib/idlelib/rpc.py,21078,635,1169,false
/home/user/cpython/Lib/idlelib/debugger_r.py,12115,390,590,false
/home/user/cpython/Lib/idlelib/percolator.py,3568,120,283,false
/home/user/cpython/Lib/idlelib/replace.py,9798,299,571,false
/home/user/cpython/Lib/idlelib/grep.py,7521,223,366,false
/home/user/cpython/Lib/idlelib/runscript.py,8273,213,357,false
/home/user/cpython/Lib/idlelib/config.py,38403,917,1530,false
/home/user/cpython/Lib/idlelib/search.py,5567,165,252,false
/home/user/cpython/Lib/idlelib/iomenu.py,16159,441,823,false
/home/user/cpython/Lib/idlelib/idle_test/test_search.py,2459,80,186,false
/home/user/cpython/Lib/idlelib/idle_test/template.py,642,30,31,false
/home/user/cpython/Lib/idlelib/idle_test/test_tree.py,1752,60,118,false
/home/user/cpython/Lib/idlelib/idle_test/test_query.py,15439,451,1103,false
/home/user/cpython/Lib/idlelib/idle_test/test_tooltip.py,5385,161,431,false
/home/user/cpython/Lib/idlelib/idle_test/test_warning.py,2740,73,147,false
/home/user/cpython/Lib/idlelib/idle_test/test_debugger_r.py,965,36,36,false
/home/user/cpython/Lib/idlelib/idle_test/test_config_key.py,11462,356,801,false
/home/user/cpython/Lib/idlelib/idle_test/test_zoomheight.py,999,39,64,false
/home/user/cpython/Lib/idlelib/idle_test/test_delegator.py,1567,44,97,false
/home/user/cpython/Lib/idlelib/idle_test/test_debugger.py,9721,297,643,false
/home/user/cpython/Lib/idlelib/idle_test/test_textview.py,7364,233,557,false
/home/user/cpython/Lib/idlelib/idle_test/test_util.py,308,14,22,false
/home/user/cpython/Lib/idlelib/idle_test/test_rpc.py,805,29,75,false
/home/user/cpython/Lib/idlelib/idle_test/test_config.py,32091,805,2701,false
/home/user/cpython/Lib/idlelib/idle_test/test_searchbase.py,5691,160,461,false
/home/user/cpython/Lib/idlelib/idle_test/test_browser.py,8420,257,735,false
/home/user/cpython/Lib/idlelib/idle_test/mock_tk.py,11693,307,402,false
/home/user/cpython/Lib/idlelib/idle_test/test_parenmatch.py,3544,112,239,false
/home/user/cpython/Lib/idlelib/idle_test/test_autoexpand.py,4638,155,367,false
/home/user/cpython/Lib/idlelib/idle_test/test_pathbrowser.py,2422,86,209,false
/home/user/cpython/Lib/idlelib/idle_test/test_calltip_w.py,686,29,46,false
/home/user/cpython/Lib/idlelib/idle_test/tkinter_testing_utils.py,2333,62,53,false
/home/user/cpython/Lib/idlelib/idle_test/test_hyperparser.py,9082,276,1016,false
/home/user/cpython/Lib/idlelib/idle_test/test_replace.py,8299,294,793,false
/home/user/cpython/Lib/idlelib/idle_test/test_pyparse.py,19365,483,1511,false
/home/user/cpython/Lib/idlelib/idle_test/test_redirector.py,4172,122,524,false
/home/user/cpython/Lib/idlelib/idle_test/test_searchengine.py,11588,332,1155,false
/home/user/cpython/Lib/idlelib/idle_test/test_undo.py,4228,135,400,false
/home/user/cpython/Lib/idlelib/idle_test/test_window.py,1075,45,63,false
/home/user/cpython/Lib/idlelib/idle_test/test_percolator.py,4065,118,354,false
/home/user/cpython/Lib/idlelib/idle_test/mock_idle.py,1943,61,65,false
/home/user/cpython/Lib/idlelib/idle_test/test_help_about.py,5904,182,401,false
/home/user/cpython/Lib/idlelib/idle_test/test_squeezer.py,19656,466,1332,false
/home/user/cpython/Lib/idlelib/idle_test/test_debugobj_r.py,545,22,39,false
/home/user/cpython/Lib/idlelib/idle_test/test_multicall.py,1311,48,95,false
/home/user/cpython/Lib/idlelib/idle_test/test_stackviewer.py,991,41,54,false
/home/user/cpython/Lib/idlelib/idle_test/test_mainmenu.py,1638,42,108,false
/home/user/cpython/Lib/idlelib/idle_test/test_colorizer.py,22941,623,1979,false
/home/user/cpython/Lib/idlelib/idle_test/test_zzdummy.py,4455,152,369,false
/home/user/cpython/Lib/idlelib/idle_test/test_text.py,6970,236,955,false
/home/user/cpython/Lib/idlelib/idle_test/test_debugobj.py,1611,57,125,false
/home/user/cpython/Lib/idlelib/idle_test/__init__.py,1250,27,26,false
/home/user/cpython/Lib/idlelib/idle_test/test_configdialog.py,55375,1580,4742,false
/home/user/cpython/Lib/idlelib/idle_test/test_run.py,15851,433,1724,false
/home/user/cpython/Lib/idlelib/idle_test/test_editmenu.py,2564,74,208,false
/home/user/cpython/Lib/idlelib/idle_test/test_outwin.py,5723,172,612,false
/home/user/cpython/Lib/idlelib/idle_test/test_codecontext.py,16082,455,1498,false
/home/user/cpython/Lib/idlelib/idle_test/test_statusbar.py,1133,41,154,false
/home/user/cpython/Lib/idlelib/idle_test/test_macosx.py,3444,113,222,false
/home/user/cpython/Lib/idlelib/idle_test/test_filelist.py,795,33,68,false
/home/user/cpython/Lib/idlelib/idle_test/test_pyshell.py,4965,148,411,false
/home/user/cpython/Lib/idlelib/idle_test/test_autocomplete_w.py,720,32,45,false
/home/user/cpython/Lib/idlelib/idle_test/test_autocomplete.py,11093,305,1026,false
/home/user/cpython/Lib/idlelib/idle_test/test_scrolledlist.py,496,27,43,false
/home/user/cpython/Lib/idlelib/idle_test/test_help.py,891,36,70,false
/home/user/cpython/Lib/idlelib/idle_test/test_grep.py,5067,156,459,false
/home/user/cpython/Lib/idlelib/idle_test/test_calltip.py,13658,372,911,false
/home/user/cpython/Lib/idlelib/idle_test/test_runscript.py,777,33,61,false
/home/user/cpython/Lib/idlelib/idle_test/test_history.py,5517,172,497,false
/home/user/cpython/Lib/idlelib/idle_test/htest.py,15310,442,583,false
/home/user/cpython/Lib/idlelib/idle_test/test_iomenu.py,2457,84,170,false
/home/user/cpython/Lib/idlelib/idle_test/test_editor.py,8151,241,585,false
/home/user/cpython/Lib/idlelib/idle_test/test_format.py,23610,668,1788,false
/home/user/cpython/Lib/idlelib/idle_test/test_sidebar.py,26844,775,2185,false
/home/user/cpython/Lib/idlelib/__main__.py,107,7,4,false
/home/user/cpython/Lib/idlelib/sidebar.py,20327,543,1204,false
/home/user/cpython/Lib/idlelib/scrolledlist.py,4478,151,360,false
/home/user/cpython/Lib/idlelib/__init__.py,396,10,3,false
/home/user/cpython/Lib/idlelib/autocomplete_w.py,20863,498,1086,false
/home/user/cpython/Lib/idlelib/debugger.py,20997,602,1138,false
/home/user/cpython/Lib/idlelib/colorizer.py,14791,384,779,false
/home/user/cpython/Lib/idlelib/browser.py,8588,260,384,false
/home/user/cpython/Lib/idlelib/help_about.py,9023,211,657,false
/home/user/cpython/Lib/idlelib/mainmenu.py,3938,126,215,false
/home/user/cpython/Lib/idlelib/format.py,15777,426,768,false
/home/user/cpython/Lib/idlelib/statusbar.py,1474,52,162,false
/home/user/cpython/Lib/idlelib/debugobj.py,4177,146,298,false
/home/user/cpython/Lib/idlelib/editor.py,67726,1734,3670,false
/home/user/cpython/Lib/idlelib/zoomheight.py,4203,124,183,false
/home/user/cpython/Lib/idlelib/multicall.py,18652,451,1128,false
/home/user/cpython/Lib/idlelib/calltip.py,7267,205,278,false
/home/user/cpython/Lib/idlelib/stackviewer.py,4016,134,314,false
/home/user/cpython/Lib/idlelib/searchengine.py,7372,234,403,false
/home/user/cpython/Lib/idlelib/config_key.py,15230,354,1025,false
/home/user/cpython/Lib/idlelib/calltip_w.py,7083,202,497,false
/home/user/cpython/Lib/idlelib/dynoption.py,1993,57,148,false
/home/user/cpython/Lib/idlelib/help.py,13686,343,1096,false
/home/user/cpython/Lib/idlelib/codecontext.py,11420,270,603,false
/home/user/cpython/Lib/idlelib/debugobj_r.py,1082,41,68,false
/home/user/cpython/Lib/idlelib/filelist.py,3871,132,267,false
/home/user/cpython/Lib/idlelib/zzdummy.py,2005,73,90,false
/home/user/cpython/Lib/idlelib/pyparse.py,19864,589,859,false
/home/user/cpython/Lib/idlelib/util.py,1312,37,30,false
/home/user/cpython/Lib/idlelib/macosx.py,9290,278,351,false
/home/user/cpython/Lib/idlelib/parenmatch.py,7204,183,380,false
/home/user/cpython/Lib/idlelib/delegator.py,1044,34,54,false
/home/user/cpython/Lib/idlelib/tooltip.py,6665,190,286,false
/home/user/cpython/Lib/idlelib/idle.py,454,14,26,false
/home/user/cpython/Lib/_threading_local.py,4363,120,150,false
/home/user/cpython/Lib/asyncio/subprocess.py,7737,229,507,false
/home/user/cpython/Lib/asyncio/tools.py,9923,276,872,false
/home/user/cpython/Lib/asyncio/queues.py,10152,307,380,false
/home/user/cpython/Lib/asyncio/streams.py,28420,785,1146,false
/home/user/cpython/Lib/asyncio/constants.py,1413,41,18,false
/home/user/cpython/Lib/asyncio/base_tasks.py,2672,94,214,false
/home/user/cpython/Lib/asyncio/locks.py,20574,617,659,false
/home/user/cpython/Lib/asyncio/transports.py,10808,337,278,false
/home/user/cpython/Lib/asyncio/graph.py,8674,276,507,false
/home/user/cpython/Lib/asyncio/protocols.py,6957,216,97,false
/home/user/cpython/Lib/asyncio/unix_events.py,35520,972,2034,false
/home/user/cpython/Lib/asyncio/format_helpers.py,2727,84,180,false
/home/user/cpython/Lib/asyncio/staggered.py,7271,178,198,false
/home/user/cpython/Lib/asyncio/futures.py,16770,478,630,false
/home/user/cpython/Lib/asyncio/windows_events.py,32639,903,1762,false
/home/user/cpython/Lib/asyncio/trsock.py,2475,98,105,false
/home/user/cpython/Lib/asyncio/selector_events.py,48623,1326,2892,false
/home/user/cpython/Lib/asyncio/exceptions.py,1752,62,84,false
/home/user/cpython/Lib/asyncio/base_events.py,80683,2071,3667,false
/home/user/cpython/Lib/asyncio/threads.py,790,25,36,false
/home/user/cpython/Lib/asyncio/timeouts.py,5981,182,237,false
/home/user/cpython/Lib/asyncio/coroutines.py,3657,118,224,false
/home/user/cpython/Lib/asyncio/__main__.py,7463,240,464,false
/home/user/cpython/Lib/asyncio/mixins.py,481,21,33,false
/home/user/cpython/Lib/asyncio/windows_utils.py,5060,173,374,false
/home/user/cpython/Lib/asyncio/log.py,124,7,5,false
/home/user/cpython/Lib/asyncio/taskgroups.py,10070,280,335,false
/home/user/cpython/Lib/asyncio/__init__.py,2413,74,122,false
/home/user/cpython/Lib/asyncio/base_subprocess.py,9677,308,556,false
/home/user/cpython/Lib/asyncio/runners.py,7487,225,274,false
/home/user/cpython/Lib/asyncio/sslproto.py,31869,929,1266,false
/home/user/cpython/Lib/asyncio/events.py,29531,878,844,false
/home/user/cpython/Lib/asyncio/tasks.py,40458,1141,1471,false
/home/user/cpython/Lib/asyncio/base_futures.py,1974,67,239,false
/home/user/cpython/Lib/asyncio/proactor_events.py,33529,896,2360,false
/home/user/cpython/Lib/_markupbase.py,14695,396,909,false
/home/user/cpython/Lib/linecache.py,8017,253,376,false
/home/user/cpython/Lib/annotationlib.py,40329,1103,2651,true
/home/user/cpython/Lib/types.py,11323,341,769,false
/home/user/cpython/Lib/html/parser.py,20710,532,901,false
/home/user/cpython/Lib/html/__init__.py,4775,132,231,false
/home/user/cpython/Lib/html/entities.py,75512,2513,3912,false
/home/user/cpython/Lib/struct.py,285,15,15,false
/home/user/cpython/Lib/ast.py,25620,693,1238,false
/home/user/cpython/Lib/turtle.py,149519,4291,6334,false
/home/user/cpython/Lib/zipimport.py,33764,835,1357,false
/home/user/cpython/Lib/_ios_support.py,2672,71,93,false
/home/user/cpython/Lib/tty.py,2035,73,122,false
/home/user/cpython/Lib/cProfile.py,342,14,12,false
/home/user/cpython/Lib/cmd.py,15411,414,733,false
/home/user/cpython/Lib/tabnanny.py,11747,345,598,false
/home/user/cpython/Lib/bisect.py,3423,118,142,false
/home/user/cpython/Lib/gettext.py,21595,657,1037,false
/home/user/cpython/Lib/csv.py,19426,520,856,false
/home/user/cpython/Lib/pickletools.py,93365,2887,2575,false
/home/user/cpython/Lib/ftplib.py,34735,966,1524,false
/home/user/cpython/Lib/stat.py,6147,207,215,false
/home/user/cpython/Lib/site.py,25784,779,1234,false
/home/user/cpython/Lib/contextlib.py,27801,814,781,false
/home/user/cpython/Lib/pydoc_data/__init__.py,0,0,0,false
/home/user/cpython/Lib/pydoc_data/topics.py,576491,14170,1351,false
/home/user/cpython/Lib/__phello__/__init__.py,97,7,9,false
/home/user/cpython/Lib/__phello__/spam.py,97,7,7,false
/home/user/cpython/Lib/__phello__/ham/__init__.py,0,0,0,false
/home/user/cpython/Lib/__phello__/ham/eggs.py,0,0,0,false
/home/user/cpython/Lib/tracemalloc.py,18047,560,901,false
/home/user/cpython/Lib/reprlib.py,8064,230,472,false
/home/user/cpython/Lib/_collections_abc.py,32456,1177,1563,false
/home/user/cpython/Lib/sysconfig/__main__.py,8077,250,472,false
/home/user/cpython/Lib/sysconfig/__init__.py,28568,787,1082,false
/home/user/cpython/Lib/getpass.py,8321,256,356,false
/home/user/cpython/Lib/shelve.py,9671,267,300,false
/home/user/cpython/Lib/gzip.py,25233,715,1134,false
/home/user/cpython/Lib/symtable.py,14426,439,679,false
/home/user/cpython/Lib/shutil.py,60568,1667,2866,false
/home/user/cpython/Lib/dbm/sqlite3.py,4356,148,224,false
/home/user/cpython/Lib/dbm/ndbm.py,70,3,2,false
/home/user/cpython/Lib/dbm/dumb.py,12705,345,549,false
/home/user/cpython/Lib/dbm/__init__.py,6024,194,207,false
/home/user/cpython/Lib/dbm/gnu.py,72,3,2,false
/home/user/cpython/Lib/copyreg.py,7716,222,327,false
/home/user/cpython/Lib/_opcode_metadata.py,9966,365,433,false
/home/user/cpython/Lib/optparse.py,60445,1678,2357,false
/home/user/cpython/Lib/__hello__.py,227,16,12,false
/home/user/cpython/Lib/socket.py,37327,997,1692,false
/home/user/cpython/Lib/xmlrpc/server.py,36842,1003,1578,false
/home/user/cpython/Lib/xmlrpc/__init__.py,38,1,0,false
/home/user/cpython/Lib/xmlrpc/client.py,48561,1503,2363,false
/home/user/cpython/Lib/mimetypes.py,26735,748,1043,false
/home/user/cpython/Lib/trace.py,29677,751,1598,false
/home/user/cpython/Lib/stringprep.py,12917,272,1251,false
/home/user/cpython/Lib/io.py,4736,150,144,false
/home/user/cpython/Lib/_apple_support.py,2256,66,126,false
/home/user/cpython/Lib/graphlib.py,9773,254,302,false
/home/user/cpython/Lib/fractions.py,41453,1078,1386,false
/home/user/cpython/Lib/ipaddress.py,81493,2427,2694,false
/home/user/cpython/Lib/webbrowser.py,26130,749,1330,false
/home/user/cpython/Lib/posixpath.py,19202,600,939,false
/home/user/cpython/Lib/_sitebuiltins.py,3128,103,156,false
/home/user/cpython/Lib/inspect.py,127246,3408,5539,false
/home/user/cpython/Lib/colorsys.py,4062,166,250,false
/home/user/cpython/Lib/opcode.py,3152,122,308,false
/home/user/cpython/Lib/encodings/kz1048.py,13723,307,147,false
/home/user/cpython/Lib/encodings/koi8_u.py,13762,307,135,false
/home/user/cpython/Lib/encodings/euc_kr.py,1027,39,46,false
/home/user/cpython/Lib/encodings/cp950.py,1023,39,33,false
/home/user/cpython/Lib/encodings/utf_16_le.py,1037,42,37,false
/home/user/cpython/Lib/encodings/cp037.py,13121,307,138,false
/home/user/cpython/Lib/encodings/shift_jis.py,1039,39,33,false
/home/user/cpython/Lib/encodings/cp273.py,14132,307,131,false
/home/user/cpython/Lib/encodings/cp858.py,34015,698,896,false
/home/user/cpython/Lib/encodings/cp1250.py,13686,307,132,false
/home/user/cpython/Lib/encodings/iso8859_10.py,13589,307,130,false
/home/user/cpython/Lib/encodings/iso2022_jp_2004.py,1073,39,33,false
/home/user/cpython/Lib/encodings/cp1257.py,13374,307,144,false
/home/user/cpython/Lib/encodings/cp1125.py,34597,698,911,false
/home/user/cpython/Lib/encodings/cp424.py,12055,307,130,false
/home/user/cpython/Lib/encodings/utf_32.py,5175,150,287,false
/home/user/cpython/Lib/encodings/iso8859_13.py,13271,307,161,false
/home/user/cpython/Lib/encodings/utf_16.py,5280,155,282,false
/home/user/cpython/Lib/encodings/cp1252.py,13511,307,130,false
/home/user/cpython/Lib/encodings/mac_romanian.py,13661,307,144,false
/home/user/cpython/Lib/encodings/iso2022_kr.py,1053,39,54,false
/home/user/cpython/Lib/encodings/undefined.py,1301,49,52,false
/home/user/cpython/Lib/encodings/mac_turkish.py,13513,307,170,false
/home/user/cpython/Lib/encodings/iso8859_8.py,11036,307,123,false
/home/user/cpython/Lib/encodings/cp1006.py,13568,307,148,false
/home/user/cpython/Lib/encodings/utf_8.py,1005,42,42,false
/home/user/cpython/Lib/encodings/johab.py,1023,39,33,false
/home/user/cpython/Lib/encodings/iso8859_14.py,13652,307,155,false
/home/user/cpython/Lib/encodings/ptcp154.py,14015,312,131,false
/home/user/cpython/Lib/encodings/oem.py,1019,41,41,false
/home/user/cpython/Lib/encodings/iso8859_16.py,13557,307,142,false
/home/user/cpython/Lib/encodings/idna.py,13248,387,631,false
/home/user/cpython/Lib/encodings/cp866.py,34396,698,908,false
/home/user/cpython/Lib/encodings/gb18030.py,1031,39,35,false
/home/user/cpython/Lib/encodings/iso8859_6.py,10833,307,128,false
/home/user/cpython/Lib/encodings/quopri_codec.py,1525,56,81,false
/home/user/cpython/Lib/encodings/cp850.py,34105,698,892,false
/home/user/cpython/Lib/encodings/cp865.py,34618,698,865,false
/home/user/cpython/Lib/encodings/_win_cp_codecs.py,1229,36,53,false
/home/user/cpython/Lib/encodings/iso8859_4.py,13376,307,132,false
/home/user/cpython/Lib/encodings/mac_arabic.py,36467,698,887,false
/home/user/cpython/Lib/encodings/cp720.py,13686,309,135,false
/home/user/cpython/Lib/encodings/iso8859_1.py,13176,307,133,false
/home/user/cpython/Lib/encodings/hp_roman8.py,13475,314,128,false
/home/user/cpython/Lib/encodings/cp861.py,34633,698,924,false
/home/user/cpython/Lib/encodings/unicode_escape.py,1304,46,40,false
/home/user/cpython/Lib/encodings/cp857.py,33908,694,876,false
/home/user/cpython/Lib/encodings/hex_codec.py,1508,55,60,false
/home/user/cpython/Lib/encodings/gbk.py,1015,39,33,false
/home/user/cpython/Lib/encodings/base64_codec.py,1533,55,57,false
/home/user/cpython/Lib/encodings/cp864.py,33663,690,895,false
/home/user/cpython/Lib/encodings/cp949.py,1023,39,33,false
/home/user/cpython/Lib/encodings/iso2022_jp_ext.py,1069,39,34,false
/home/user/cpython/Lib/encodings/utf_8_sig.py,4133,130,196,false
/home/user/cpython/Lib/encodings/charmap.py,2084,69,94,false
/home/user/cpython/Lib/encodings/koi8_r.py,13779,307,131,false
/home/user/cpython/Lib/encodings/iso2022_jp_2.py,1061,39,33,false
/home/user/cpython/Lib/encodings/big5.py,1019,39,32,false
/home/user/cpython/Lib/encodings/mac_roman.py,13480,307,132,false
/home/user/cpython/Lib/encodings/cp869.py,32965,689,877,false
/home/user/cpython/Lib/encodings/iso2022_jp_3.py,1061,39,33,false
/home/user/cpython/Lib/encodings/shift_jisx0213.py,1059,39,31,false
/home/user/cpython/Lib/encodings/iso8859_3.py,13089,307,141,false
/home/user/cpython/Lib/encodings/iso8859_2.py,13404,307,130,false
/home/user/cpython/Lib/encodings/latin_1.py,1264,50,39,false
/home/user/cpython/Lib/encodings/cp932.py,1023,39,35,false
/home/user/cpython/Lib/encodings/mbcs.py,1211,47,36,false
/home/user/cpython/Lib/encodings/iso8859_9.py,13156,307,127,false
/home/user/cpython/Lib/encodings/gb2312.py,1027,39,32,false
/home/user/cpython/Lib/encodings/utf_32_le.py,930,37,32,false
/home/user/cpython/Lib/encodings/cp1255.py,12466,307,129,false
/home/user/cpython/Lib/encodings/cp863.py,34252,698,896,false
/home/user/cpython/Lib/encodings/mac_cyrillic.py,13454,307,134,false
/home/user/cpython/Lib/encodings/cp1254.py,13502,307,131,false
/home/user/cpython/Lib/encodings/aliases.py,16384,572,582,false
/home/user/cpython/Lib/encodings/uu_codec.py,2851,103,206,false
/home/user/cpython/Lib/encodings/__init__.py,5809,177,255,false
/home/user/cpython/Lib/encodings/euc_jp.py,1027,39,35,false
/home/user/cpython/Lib/encodings/utf_32_be.py,930,37,33,false
/home/user/cpython/Lib/encodings/ascii.py,1248,50,55,false
/home/user/cpython/Lib/encodings/cp860.py,34681,698,899,false
/home/user/cpython/Lib/encodings/mac_latin2.py,14118,312,132,false
/home/user/cpython/Lib/encodings/iso2022_jp_1.py,1061,39,34,false
/home/user/cpython/Lib/encodings/iso8859_7.py,12844,307,134,false
/home/user/cpython/Lib/encodings/raw_unicode_escape.py,1332,46,61,false
/home/user/cpython/Lib/encodings/iso8859_15.py,13212,307,145,false
/home/user/cpython/Lib/encodings/big5hkscs.py,1039,39,40,false
/home/user/cpython/Lib/encodings/cp737.py,34681,698,981,false
/home/user/cpython/Lib/encodings/cp1253.py,13094,307,129,false
/home/user/cpython/Lib/encodings/utf_7.py,946,38,33,false
/home/user/cpython/Lib/encodings/hz.py,1011,39,37,false
/home/user/cpython/Lib/encodings/iso2022_jp.py,1053,39,34,false
/home/user/cpython/Lib/encodings/cp862.py,33370,698,895,false
/home/user/cpython/Lib/encodings/utf_16_be.py,1037,42,33,false
/home/user/cpython/Lib/encodings/cp855.py,33850,698,872,false
/home/user/cpython/Lib/encodings/tis_620.py,12300,307,129,false
/home/user/cpython/Lib/encodings/rot_13.py,2448,113,252,false
/home/user/cpython/Lib/encodings/punycode.py,7625,253,495,false
/home/user/cpython/Lib/encodings/koi8_t.py,13193,308,136,false
/home/user/cpython/Lib/encodings/cp856.py,12423,307,128,false
/home/user/cpython/Lib/encodings/cp1140.py,13105,307,139,false
/home/user/cpython/Lib/encodings/mac_farsi.py,15170,307,137,false
/home/user/cpython/Lib/encodings/cp875.py,12854,307,141,false
/home/user/cpython/Lib/encodings/shift_jis_2004.py,1059,39,37,false
/home/user/cpython/Lib/encodings/cp852.py,35002,698,869,false
/home/user/cpython/Lib/encodings/cp437.py,34564,698,885,false
/home/user/cpython/Lib/encodings/cp500.py,13121,307,140,false
/home/user/cpython/Lib/encodings/cp874.py,12595,307,129,false
/home/user/cpython/Lib/encodings/cp1256.py,12814,307,127,false
/home/user/cpython/Lib/encodings/cp1258.py,13364,307,132,false
/home/user/cpython/Lib/encodings/bz2_codec.py,2249,78,84,false
/home/user/cpython/Lib/encodings/cp1026.py,13113,307,136,false
/home/user/cpython/Lib/encodings/euc_jis_2004.py,1051,39,34,false
/home/user/cpython/Lib/encodings/cp1251.py,13361,307,131,false
/home/user/cpython/Lib/encodings/mac_iceland.py,13498,307,132,false
/home/user/cpython/Lib/encodings/euc_jisx0213.py,1051,39,33,false
/home/user/cpython/Lib/encodings/palmos.py,13552,308,131,false
/home/user/cpython/Lib/encodings/mac_croatian.py,13633,307,131,false
/home/user/cpython/Lib/encodings/iso8859_5.py,13015,307,128,false
/home/user/cpython/Lib/encodings/zlib_codec.py,2204,77,102,false
/home/user/cpython/Lib/encodings/cp775.py,34476,697,880,false
/home/user/cpython/Lib/encodings/iso8859_11.py,12335,307,140,false
/home/user/cpython/Lib/encodings/mac_greek.py,13721,307,130,false
/home/user/cpython/Lib/warnings.py,1966,99,64,false
/home/user/cpython/Lib/xml/parsers/__init__.py,167,8,1,false
/home/user/cpython/Lib/xml/parsers/expat.py,248,8,7,false
/home/user/cpython/Lib/xml/dom/expatbuilder.py,35693,962,1564,false
/home/user/cpython/Lib/xml/dom/domreg.py,3451,99,129,false
/home/user/cpython/Lib/xml/dom/NodeFilter.py,936,27,18,false
/home/user/cpython/Lib/xml/dom/minidom.py,68614,2029,3360,false
/home/user/cpython/Lib/xml/dom/xmlbuilder.py,12420,389,573,false
/home/user/cpython/Lib/xml/dom/minicompat.py,3367,109,115,false
/home/user/cpython/Lib/xml/dom/__init__.py,4033,140,114,false
/home/user/cpython/Lib/xml/dom/pulldom.py,11637,336,799,false
/home/user/cpython/Lib/xml/etree/ElementPath.py,13997,423,667,false
/home/user/cpython/Lib/xml/etree/cElementTree.py,82,3,2,false
/home/user/cpython/Lib/xml/etree/__init__.py,1605,33,4,false
/home/user/cpython/Lib/xml/etree/ElementTree.py,74816,2102,3284,false
/home/user/cpython/Lib/xml/etree/ElementInclude.py,6952,186,190,false
/home/user/cpython/Lib/xml/__init__.py,557,20,8,false
/home/user/cpython/Lib/xml/sax/expatreader.py,16034,454,755,false
/home/user/cpython/Lib/xml/sax/handler.py,15618,387,156,false
/home/user/cpython/Lib/xml/sax/__init__.py,3532,100,129,false
/home/user/cpython/Lib/xml/sax/saxutils.py,12255,369,746,false
/home/user/cpython/Lib/xml/sax/xmlreader.py,12624,378,297,false
/home/user/cpython/Lib/xml/sax/_exceptions.py,4699,127,105,false
/home/user/cpython/Lib/pkgutil.py,16055,474,667,false
/home/user/cpython/Lib/pdb.py,133768,3650,6419,false
/home/user/cpython/Lib/quopri.py,7159,235,489,false
/home/user/cpython/Lib/datetime.py,331,13,14,false
/home/user/cpython/Lib/selectors.py,19457,603,950,false
/home/user/cpython/Lib/pydoc.py,111220,2874,6296,false
/home/user/cpython/Lib/token.py,2584,144,178,false
/home/user/cpython/Lib/string/__init__.py,12207,316,464,false
/home/user/cpython/Lib/string/templatelib.py,956,33,80,true
/home/user/cpython/Lib/difflib.py,85130,2099,2382,false
/home/user/cpython/Lib/pickle.py,69929,1930,5968,false
/home/user/cpython/Lib/_aix_support.py,4021,108,143,false
/home/user/cpython/Lib/smtplib.py,43885,1121,1562,false
/home/user/cpython/Lib/_py_warnings.py,31561,891,1445,false
/home/user/cpython/Lib/compileall.py,20691,472,967,false
/home/user/cpython/Lib/numbers.py,11769,427,255,false
/home/user/cpython/Lib/codecs.py,36840,1125,1034,false
/home/user/cpython/Lib/glob.py,18875,526,917,false
/home/user/cpython/Lib/urllib/request.py,76624,2152,3542,false
/home/user/cpython/Lib/urllib/response.py,2361,84,118,false
/home/user/cpython/Lib/urllib/robotparser.py,9853,288,507,false
/home/user/cpython/Lib/urllib/error.py,2410,74,74,false
/home/user/cpython/Lib/urllib/parse.py,46784,1285,2092,false
/home/user/cpython/Lib/urllib/__init__.py,0,0,0,false
/home/user/cpython/Lib/tkinter/dialog.py,1535,49,115,false
/home/user/cpython/Lib/tkinter/constants.py,1493,110,87,false
/home/user/cpython/Lib/tkinter/dnd.py,11644,324,484,false
/home/user/cpython/Lib/tkinter/colorchooser.py,2660,86,57,false
/home/user/cpython/Lib/tkinter/messagebox.py,3861,146,209,false
/home/user/cpython/Lib/tkinter/__main__.py,148,7,14,false
/home/user/cpython/Lib/tkinter/ttk.py,56834,1657,2665,false
/home/user/cpython/Lib/tkinter/__init__.py,188091,5005,7887,false
/home/user/cpython/Lib/tkinter/font.py,7241,247,550,false
/home/user/cpython/Lib/tkinter/simpledialog.py,11749,441,715,false
/home/user/cpython/Lib/tkinter/filedialog.py,14939,492,907,false
/home/user/cpython/Lib/tkinter/commondialog.py,1289,53,55,false
/home/user/cpython/Lib/tkinter/scrolledtext.py,1808,56,115,false
/home/user/cpython/Lib/email/parser.py,4970,127,110,false
/home/user/cpython/Lib/email/quoprimime.py,9859,300,339,false
/home/user/cpython/Lib/email/generator.py,20798,520,815,false
/home/user/cpython/Lib/email/_encoded_words.py,8541,233,266,false
/home/user/cpython/Lib/email/feedparser.py,22893,537,796,false
/home/user/cpython/Lib/email/errors.py,3809,117,93,false
/home/user/cpython/Lib/email/encoders.py,1773,65,80,false
/home/user/cpython/Lib/email/iterators.py,2124,68,85,false
/home/user/cpython/Lib/email/headerregistry.py,20819,604,968,false
/home/user/cpython/Lib/email/charset.py,17058,398,474,false
/home/user/cpython/Lib/email/contentmanager.py,10588,251,632,false
/home/user/cpython/Lib/email/message.py,48256,1211,1807,false
/home/user/cpython/Lib/email/_parseaddr.py,17890,560,953,false
/home/user/cpython/Lib/email/header.py,24459,582,949,false
/home/user/cpython/Lib/email/mime/text.py,1389,40,40,false
/home/user/cpython/Lib/email/mime/audio.py,2999,97,85,false
/home/user/cpython/Lib/email/mime/message.py,1310,33,34,false
/home/user/cpython/Lib/email/mime/multipart.py,1614,47,41,false
/home/user/cpython/Lib/email/mime/base.py,909,29,47,false
/home/user/cpython/Lib/email/mime/nonmultipart.py,684,21,11,false
/home/user/cpython/Lib/email/mime/__init__.py,0,0,0,false
/home/user/cpython/Lib/email/mime/image.py,3721,152,152,false
/home/user/cpython/Lib/email/mime/application.py,1316,37,33,false
/home/user/cpython/Lib/email/base64mime.py,3546,115,109,false
/home/user/cpython/Lib/email/__init__.py,1759,61,49,false
/home/user/cpython/Lib/email/_header_value_parser.py,111175,3097,5933,false
/home/user/cpython/Lib/email/_policybase.py,15946,392,424,false
/home/user/cpython/Lib/email/utils.py,16302,486,730,false
/home/user/cpython/Lib/email/policy.py,10695,239,301,false
/home/user/cpython/Lib/decimal.py,2826,109,17,false
/home/user/cpython/Lib/rlcompleter.py,7918,221,333,false
/home/user/cpython/Lib/concurrent/futures/process.py,38320,939,1190,false
/home/user/cpython/Lib/concurrent/futures/thread.py,9833,274,455,false
/home/user/cpython/Lib/concurrent/futures/interpreter.py,4040,124,200,false
/home/user/cpython/Lib/concurrent/futures/__init__.py,1863,65,52,false
/home/user/cpython/Lib/concurrent/futures/_base.py,25315,701,859,false
/home/user/cpython/Lib/concurrent/interpreters/_queues.py,8667,288,360,false
/home/user/cpython/Lib/concurrent/interpreters/_crossinterp.py,2907,107,143,false
/home/user/cpython/Lib/concurrent/interpreters/__init__.py,7707,247,296,false
/home/user/cpython/Lib/concurrent/__init__.py,38,1,0,false
/home/user/cpython/Lib/zipapp.py,8713,231,613,false
/home/user/cpython/Lib/doctest.py,111671,2976,3834,false
/home/user/cpython/Lib/ssl.py,54207,1579,2005,false
/home/user/cpython/Lib/secrets.py,1984,71,47,false
/home/user/cpython/Lib/signal.py,2495,94,165,false
/home/user/cpython/Lib/pstats.py,31978,839,2052,false
/home/user/cpython/Lib/mailbox.py,81644,2223,5002,false
/home/user/cpython/Lib/zipfile/_path/_functools.py,575,20,35,false
/home/user/cpython/Lib/zipfile/_path/glob.py,3314,113,135,false
/home/user/cpython/Lib/zipfile/_path/__init__.py,11931,455,451,false
/home/user/cpython/Lib/zipfile/__main__.py,58,4,4,false
/home/user/cpython/Lib/zipfile/__init__.py,92259,2435,4466,false
/home/user/cpython/Lib/filecmp.py,10652,320,600,false
/home/user/cpython/Lib/multiprocessing/queues.py,12668,399,587,false
/home/user/cpython/Lib/multiprocessing/process.py,12233,443,546,false
/home/user/cpython/Lib/multiprocessing/synchronize.py,12191,406,605,false
/home/user/cpython/Lib/multiprocessing/spawn.py,9644,307,459,false
/home/user/cpython/Lib/multiprocessing/managers.py,49746,1438,2757,false
/home/user/cpython/Lib/multiprocessing/connection.py,42589,1207,1868,false
/home/user/cpython/Lib/multiprocessing/popen_spawn_win32.py,4635,147,236,false
/home/user/cpython/Lib/multiprocessing/forkserver.py,15365,416,707,false
/home/user/cpython/Lib/multiprocessing/reduction.py,9630,281,539,false
/home/user/cpython/Lib/multiprocessing/popen_spawn_posix.py,2143,76,133,false
/home/user/cpython/Lib/multiprocessing/resource_tracker.py,12059,340,484,false
/home/user/cpython/Lib/multiprocessing/resource_sharer.py,5145,154,269,false
/home/user/cpython/Lib/multiprocessing/dummy/connection.py,1598,75,93,false
/home/user/cpython/Lib/multiprocessing/dummy/__init__.py,3063,126,168,false
/home/user/cpython/Lib/multiprocessing/__init__.py,916,37,36,false
/home/user/cpython/Lib/multiprocessing/pool.py,32768,957,1683,false
/home/user/cpython/Lib/multiprocessing/popen_forkserver.py,2230,74,119,false
/home/user/cpython/Lib/multiprocessing/sharedctypes.py,6498,245,411,false
/home/user/cpython/Lib/multiprocessing/heap.py,11626,337,585,false
/home/user/cpython/Lib/multiprocessing/context.py,11775,377,456,false
/home/user/cpython/Lib/multiprocessing/shared_memory.py,18916,544,936,false
/home/user/cpython/Lib/multiprocessing/util.py,17211,556,782,false
/home/user/cpython/Lib/multiprocessing/popen_fork.py,2583,90,156,false
/home/user/cpython/Lib/weakref.py,17771,574,797,false
/home/user/cpython/Lib/ntpath.py,33152,921,1495,false
/home/user/cpython/Lib/zoneinfo/__init__.py,917,34,35,false
/home/user/cpython/Lib/zoneinfo/_tzpath.py,5923,193,300,false
/home/user/cpython/Lib/zoneinfo/_common.py,5529,169,228,false
/home/user/cpython/Lib/zoneinfo/_zoneinfo.py,24686,772,1156,false
/home/user/cpython/Lib/pyclbr.py,11396,314,541,false
/home/user/cpython/Lib/getopt.py,8091,232,388,false
/home/user/cpython/Lib/this.py,1003,28,76,false
/home/user/cpython/Lib/locale.py,79634,1802,2516,false
/home/user/cpython/Lib/profile.py,23383,624,912,false
/home/user/cpython/Lib/queue.py,13455,383,343,false
/home/user/cpython/Lib/base64.py,21614,608,1118,false
/home/user/cpython/Lib/ctypes/_layout.py,11442,330,491,false
/home/user/cpython/Lib/ctypes/wintypes.py,5753,210,409,false
/home/user/cpython/Lib/ctypes/__init__.py,21896,674,997,false
/home/user/cpython/Lib/ctypes/_endian.py,2557,78,105,false
/home/user/cpython/Lib/ctypes/macholib/framework.py,1105,42,17,false
/home/user/cpython/Lib/ctypes/macholib/dylib.py,960,42,15,false
/home/user/cpython/Lib/ctypes/macholib/__init__.py,393,15,19,false
/home/user/cpython/Lib/ctypes/macholib/dyld.py,5024,165,240,false
/home/user/cpython/Lib/ctypes/_aix.py,12505,327,388,false
/home/user/cpython/Lib/ctypes/util.py,19841,538,1131,false
/home/user/cpython/Lib/collections/__init__.py,54210,1652,2204,false
/home/user/cpython/Lib/_pyio.py,96354,2770,3576,false
/home/user/cpython/Lib/unittest/result.py,9269,259,616,false
/home/user/cpython/Lib/unittest/signals.py,2403,71,106,false
/home/user/cpython/Lib/unittest/suite.py,14242,391,650,false
/home/user/cpython/Lib/unittest/_log.py,2815,87,161,false
/home/user/cpython/Lib/unittest/mock.py,111729,3197,4983,false
/home/user/cpython/Lib/unittest/loader.py,20820,484,1161,false
/home/user/cpython/Lib/unittest/__main__.py,472,18,21,false
/home/user/cpython/Lib/unittest/__init__.py,3246,80,55,false
/home/user/cpython/Lib/unittest/main.py,11656,280,584,false
/home/user/cpython/Lib/unittest/async_case.py,6007,158,236,false
/home/user/cpython/Lib/unittest/runner.py,11383,313,926,false
/home/user/cpython/Lib/unittest/case.py,64251,1628,3507,false
/home/user/cpython/Lib/unittest/util.py,5215,170,367,false
/home/user/cpython/Lib/tarfile.py,117564,3141,6517,false
/home/user/cpython/Lib/timeit.py,13865,387,689,false
/home/user/cpython/Lib/_py_abc.py,6189,147,252,false
/home/user/cpython/Lib/heapq.py,23432,611,822,false
/home/user/cpython/Lib/http/server.py,39798,1084,1746,false
/home/user/cpython/Lib/http/cookies.py,20029,598,829,false
/home/user/cpython/Lib/http/cookiejar.py,77516,2122,3426,false
/home/user/cpython/Lib/http/__init__.py,9259,213,306,false
/home/user/cpython/Lib/http/client.py,57867,1559,2195,false
/home/user/cpython/Lib/sqlite3/dbapi2.py,3120,96,223,false
/home/user/cpython/Lib/sqlite3/_completer.py,1183,47,77,false
/home/user/cpython/Lib/sqlite3/dump.py,4240,113,186,false
/home/user/cpython/Lib/sqlite3/__main__.py,5102,156,331,false
/home/user/cpython/Lib/sqlite3/__init__.py,2014,57,8,false
/home/user/cpython/Lib/_colorize.py,11677,371,468,false
/home/user/cpython/Lib/re/_constants.py,6036,224,304,false
/home/user/cpython/Lib/re/_parser.py,40353,1066,2639,false
/home/user/cpython/Lib/re/_casefix.py,5444,106,140,false
/home/user/cpython/Lib/re/__init__.py,18116,435,586,false
/home/user/cpython/Lib/re/_compiler.py,26855,782,2106,false
/home/user/cpython/Lib/ensurepip/_uninstall.py,771,31,51,false
/home/user/cpython/Lib/ensurepip/__main__.py,88,5,10,false
/home/user/cpython/Lib/ensurepip/__init__.py,8453,273,388,false
/home/user/cpython/Lib/dataclasses.py,68707,1733,2669,false
/home/user/cpython/Lib/py_compile.py,7849,212,308,false
/home/user/cpython/Lib/tempfile.py,32889,977,1400,false
/home/user/cpython/Lib/bdb.py,43625,1183,1725,false
/home/user/cpython/Lib/bz2.py,11978,352,362,false
/home/user/cpython/Lib/poplib.py,14604,477,564,false
/home/user/cpython/Lib/tomllib/_parser.py,24586,753,1532,false
/home/user/cpython/Lib/tomllib/_types.py,254,10,13,false
/home/user/cpython/Lib/tomllib/__init__.py,308,10,7,false
/home/user/cpython/Lib/tomllib/_re.py,3192,113,168,false
/home/user/cpython/Lib/_pyrepl/commands.py,12725,505,772,false
/home/user/cpython/Lib/_pyrepl/terminfo.py,18450,488,825,false
/home/user/cpython/Lib/_pyrepl/_threading_handler.py,2170,74,145,false
/home/user/cpython/Lib/_pyrepl/windows_eventqueue.py,991,42,50,false
/home/user/cpython/Lib/_pyrepl/fancy_termios.py,2566,82,148,false
/home/user/cpython/Lib/_pyrepl/types.py,354,10,23,false
/home/user/cpython/Lib/_pyrepl/historical_reader.py,13240,419,780,false
/home/user/cpython/Lib/_pyrepl/reader.py,27589,762,1424,false
/home/user/cpython/Lib/_pyrepl/trace.py,767,34,58,false
/home/user/cpython/Lib/_pyrepl/__main__.py,422,10,10,false
/home/user/cpython/Lib/_pyrepl/windows_console.py,22854,725,1265,false
/home/user/cpython/Lib/_pyrepl/unix_eventqueue.py,2554,77,111,false
/home/user/cpython/Lib/_pyrepl/__init__.py,925,19,2,false
/home/user/cpython/Lib/_pyrepl/main.py,1870,58,95,false
/home/user/cpython/Lib/_pyrepl/console.py,7484,242,363,false
/home/user/cpython/Lib/_pyrepl/input.py,3779,114,159,false
/home/user/cpython/Lib/_pyrepl/unix_console.py,26425,842,1679,false
/home/user/cpython/Lib/_pyrepl/pager.py,5815,175,424,false
/home/user/cpython/Lib/_pyrepl/utils.py,12910,385,805,false
/home/user/cpython/Lib/_pyrepl/keymap.py,6460,213,328,false
/home/user/cpython/Lib/_pyrepl/completing_reader.py,10195,299,542,false
/home/user/cpython/Lib/_pyrepl/base_eventqueue.py,3840,110,192,false
/home/user/cpython/Lib/_pyrepl/readline.py,21414,620,1065,false
/home/user/cpython/Lib/_pyrepl/simple_interact.py,5950,181,311,false
/home/user/cpython/Lib/_pyrepl/_module_completer.py,14720,415,781,false
/home/user/cpython/Lib/profiling/sampling/collector.py,1029,33,34,false
/home/user/cpython/Lib/profiling/sampling/string_table.py,1441,53,45,false
/home/user/cpython/Lib/profiling/sampling/__main__.py,2500,66,52,false
/home/user/cpython/Lib/profiling/sampling/__init__.py,494,13,15,false
/home/user/cpython/Lib/profiling/sampling/stack_collector.py,10735,289,685,false
/home/user/cpython/Lib/profiling/sampling/sample.py,33605,936,1972,false
/home/user/cpython/Lib/profiling/sampling/_sync_coordinator.py,7043,243,343,false
/home/user/cpython/Lib/profiling/sampling/pstats_collector.py,2766,72,160,false
/home/user/cpython/Lib/profiling/sampling/gecko_collector.py,16024,467,819,false
/home/user/cpython/Lib/profiling/tracing/__main__.py,129,6,5,false
/home/user/cpython/Lib/profiling/tracing/__init__.py,7805,219,376,false
/home/user/cpython/Lib/profiling/tracing/_utils.py,893,32,58,false
/home/user/cpython/Lib/profiling/__init__.py,421,13,7,false
/home/user/cpython/Lib/compression/_common/__init__.py,0,0,0,false
/home/user/cpython/Lib/compression/_common/_streams.py,5670,162,215,false
/home/user/cpython/Lib/compression/zstd/__init__.py,8759,242,284,false
/home/user/cpython/Lib/compression/zstd/_zstdfile.py,12286,345,380,false
/home/user/cpython/Lib/compression/gzip.py,64,5,7,false
/home/user/cpython/Lib/compression/zlib.py,64,5,4,false
/home/user/cpython/Lib/compression/__init__.py,0,0,0,false
/home/user/cpython/Lib/compression/bz2.py,60,5,4,false
/home/user/cpython/Lib/compression/lzma.py,64,5,3,false
/home/user/cpython/Lib/code.py,13436,396,510,false
/home/user/cpython/Lib/calendar.py,30669,945,2151,false
/home/user/cpython/Lib/lzma.py,13426,364,389,false
/home/user/cpython/Lib/pathlib/_os.py,9517,303,429,false
/home/user/cpython/Lib/pathlib/types.py,16482,476,717,false
/home/user/cpython/Lib/pathlib/__init__.py,55186,1541,2533,false
/home/user/cpython/Lib/statistics.py,61896,1869,4536,false
/home/user/cpython/Lib/_weakrefset.py,3962,147,408,false
/home/user/cpython/Lib/imaplib.py,66587,1967,4246,false
/home/user/cpython/Lib/hashlib.py,11912,299,464,false
/home/user/cpython/Lib/traceback.py,72713,1793,5023,false
/home/user/cpython/Lib/copy.py,8605,286,699,false
/home/user/cpython/Lib/pty.py,5212,182,409,false
/home/user/cpython/Lib/plistlib.py,29794,939,2766,false
/home/user/cpython/Lib/runpy.py,12885,319,731,false
/home/user/cpython/Lib/curses/__init__.py,3363,98,114,false
/home/user/cpython/Lib/curses/ascii.py,2543,99,290,false
/home/user/cpython/Lib/curses/has_key.py,5634,192,492,false
/home/user/cpython/Lib/curses/textpad.py,7754,204,479,false
/home/user/cpython/Lib/curses/panel.py,87,6,3,false
/home/user/cpython/Lib/antigravity.py,500,17,79,false
/home/user/cpython/Lib/os.py,42268,1203,2487,false
/home/user/cpython/Lib/modulefinder.py,23792,671,2098,false
/home/user/cpython/Lib/turtledemo/chaos.py,911,57,166,false
/home/user/cpython/Lib/turtledemo/sorting_animate.py,4914,198,678,false
/home/user/cpython/Lib/turtledemo/clock.py,3128,132,443,false
/home/user/cpython/Lib/turtledemo/nim.py,6477,224,802,false
/home/user/cpython/Lib/turtledemo/rosette.py,1324,63,148,false
/home/user/cpython/Lib/turtledemo/yinyang.py,761,46,114,false
/home/user/cpython/Lib/turtledemo/tree.py,1341,59,124,false
/home/user/cpython/Lib/turtledemo/colormixer.py,1356,57,226,false
/home/user/cpython/Lib/turtledemo/penrose.py,3316,172,623,false
/home/user/cpython/Lib/turtledemo/planet_and_moon.py,2769,108,350,false
/home/user/cpython/Lib/turtledemo/minimal_hanoi.py,1879,73,240,false
/home/user/cpython/Lib/turtledemo/peace.py,1004,58,126,false
/home/user/cpython/Lib/turtledemo/two_canvases.py,1122,54,158,false
/home/user/cpython/Lib/turtledemo/__main__.py,15331,399,1338,false
/home/user/cpython/Lib/turtledemo/forest.py,2846,104,406,false
/home/user/cpython/Lib/turtledemo/bytedesign.py,4193,158,574,false
/home/user/cpython/Lib/turtledemo/__init__.py,314,14,2,false
/home/user/cpython/Lib/turtledemo/round_dance.py,1702,81,175,false
/home/user/cpython/Lib/turtledemo/paint.py,1152,48,108,false
/home/user/cpython/Lib/turtledemo/fractalcurves.py,3418,135,494,false
/home/user/cpython/Lib/turtledemo/lindenmayer.py,2373,116,238,false
/home/user/cpython/Lib/argparse.py,106229,2785,6974,false
/home/user/cpython/Lib/typing.py,136704,3901,7579,false
/home/user/cpython/Lib/codeop.py,5902,154,217,false
/home/user/cpython/Lib/textwrap.py,19382,475,805,false
/home/user/cpython/Lib/configparser.py,55077,1414,3456,false
/home/user/cpython/Lib/_ast_unparse.py,40336,1160,4185,false
/home/user/cpython/Lib/json/tool.py,4627,122,362,false
/home/user/cpython/Lib/json/decoder.py,12872,364,788,false
/home/user/cpython/Lib/json/scanner.py,2434,73,217,false
/home/user/cpython/Lib/json/encoder.py,16939,459,895,false
/home/user/cpython/Lib/json/__main__.py,421,20,17,false
/home/user/cpython/Lib/json/__init__.py,14246,367,420,false
/home/user/cpython/Lib/functools.py,43638,1182,2679,false
/home/user/cpython/Lib/tokenize.py,21703,592,1480,false
/home/user/cpython/Lib/_android_support.py,7065,185,394,false
/home/user/cpython/Lib/socketserver.py,28334,869,1156,false
